1,서울,-,서울뮤직페스티벌,문화예술,10.20~10.22,난지한강공원,혼합형,유승운,02-2133-2570,,
2,서울,-,차 없는 잠수교 뚜벅뚜벅 축제,문화예술,"-상반기:4.30.~7.2.  
매주 일요일(10회)
-하반기:9.3.~11.12. 매주 일요일(10회)
 * 10. 1.(일) : 추석연휴 제외","잠수교
(반포한강공원)",대면,강우원,02-3780-0760,,
3,서울,-,2023 한강페스티벌,문화예술,"봄(5.12.~5.14.).
여름(7.28.~8.13.),
가을(10.14.~10.21.),
겨울(12.1.~12.25.)",한강 수상 및 11개 한강공원 일대,대면,이혜수,02-3780-0718,,
4,서울,용산구,제25회 서울드럼페스티벌,문화예술,05.26.~05.27.,노들섬,대면,한정원,02-2133-2573,,
5,서울,송파구,"2023 석촌호수의 가을과 겨울, 그리고 루미나리에",문화예술,10.27.~12.31.(예정),석촌호수,대면,유현주,02-2147-2111,,
6,서울,송파구,2023 커피 페스티벌,문화예술,10.7.~10.8.(예정),잠실 롯데월드타워 잔디광장,대면,이학림,02-2147-2116,,
7,서울,"종로구, 중구",제4회 2023서울도시건축비엔날레,문화예술,09.01.~10.29.,"열린송현녹지광장, 서울도시건축전시관, 서울시청(시민청)",대면,양홍모,02-2133-7616,,
8,서울,중구, 2023 제15회 서울건축문화제 ,문화예술,09.01.~09.30.(예정),서울도시건축전시관 등,대면,정은희,02-2133-7622,,
9,서울,종로구,월간종로축제,문화예술,09.~10.,미정,대면,한형상,02-2148-1803,,
10,서울,종로구,종로한복축제,전통역사,09.22.~09.23.,광화문광장,대면,한형상,02-2148-1803,,
11,서울,종로구,자문밖 문화축제,문화예술,09.09.~09.11.,자문밖 일대,혼합형,정준수,02-2148-1804,,
12,서울,종로구,인사동 엔틱 & 아트페어,전통역사,08.~10.,인사동 일대,대면,고형윤,02-2148-1805,,
13,서울,종로구,국악대축제,전통역사,09.17.,남인사마당(예정),대면,한형상,02-2148-1803,,
14,서울,종로구,종로음악이야기,전통역사,09.24.,남인사마당(예정),대면,한형상,02-2148-1803,,
15,서울,종로구,종로 문화재 야행,전통역사,09.26.~09.30.,청와대 경내 및 서촌 일대,대면,김혜진,02-2148-1822,,
16,서울,종로구,종로 역사문화 알리기 행사,전통역사,05.16.~05.20.,운현궁,대면,강영식,02-2148-1821,,
17,서울,종로구,2023 웰컴대학로 축제(가칭),문화예술,미정,대학로 일원,혼합형,이혜영,02-2148-1815,,
18,서울,종로구,2023 D.FESTA 대학로 거리공연축제,문화예술,05.19.~05.21.,대학로 일원,혼합형,이혜영,02-2148-1815,,
19,서울,종로구,2023 대학로 소나무길 거리예술제,문화예술,미정,대학로 일원,대면,이혜영,02-2148-1815,,
20,서울,종로구,2023 아시테지 국제여름축제,문화예술,07.15.~07.31.,대학로 일원,대면,이혜영,02-2148-1815,,
21,서울,종로구,제44회 서울연극제,문화예술,04.30.~05.31.,대학로 일원,대면,이혜영,02-2148-1815,,
22,서울,종로구,제22회 종로구 인왕산 해맞이 축제,전통역사,2023.1.1.(종료),"인왕산 청운공원, 청와대 분수광장",대면,최성미,02-2148-5002,,
23,서울,종로구,인왕산 산신제 및 정월대보름 민속놀이 행사,전통역사,2023.2.3.~2.4.(예정),"인왕산 해맞이동산, 청와대 분수광장",대면,최성미,02-2148-5002,,
24,서울,종로구,봄맞이 축제,기타(주민화합 등),2023.4.(예정),필운대로,대면,최성미,02-2148-5002,,
25,서울,종로구,궁중과 사대부가 전통음식축제,문화예술,10.13.,전통문화시설,대면,김미애,02-2148-1854,,
26,서울,종로구,정순왕후 문화제,문화예술,04.21.,숭인공원(예정),대면,김성현,02-2148-1862,,
27,서울,종로구,돈화문로 축제,문화예술,10.13.~10.14.,돈화문로 일대,대면,김성현,02-2148-1862,,
28,서울,종로구,북촌(공방)축제,문화예술,10.14.,북촌 일대,대면,김보라,02-2148-1874,,
29,서울,종로구,2023 종로 책문화 주간,문화예술,"2023. 9.~10. 예정
(기간중 일주일)","종로구립도서관, 지역서점 등",혼합형,안소현,02-2148-2025,,
30,서울,종로구,부암마실축제(가칭),문화예술,10월 27일~28일(안),부암동일대,대면,좌미주,02-2148-5095,,
31,서울,구로구,2023 구로G페스티벌,기타(주민화합 등),10월 중(3일간),안양천,대면,이선미,02-860-2282,,
32,서울,강서구,제21회 허준축제,전통역사,10.13.~10.15.,허준근린공원,대면,박제희,02-2600-6455,,
33,서울,강서구,제7회 겸재문화예술제,전통역사,5.12.~5.13.,궁산근린공원,대면,임도균,02-2600-6154,,
34,서울,서초구,2023 서리풀페스티벌,문화예술,9.23.~9.24.,"반포대로
일대",대면,정종민,02-2155-6229,,
35,서울,서초구,봄밤의 클래식 축제,문화예술,4.15.~4.16.,"양재천
일대",대면,정종민,02-2155-6229,,
36,서울,종로구,제5회 서울국악축제,문화예술,9.30.~10.1.,창덕궁 앞 돈화문로,대면,윤예리,02-2133-2577,,
37,서울,광진구,서울동화축제,문화예술,5.5~5.6,서울어린이대공원,대면,이지숙,02-450-7596,,
38,서울,송파구,송파구 벚꽃축제,문화예술,4.5.~4.9.,석촌호수 외,대면,조현주,02-2147-2817,,
39,서울,송파구,제23회 한성백제문화제,전통역사,9.22.~9.24.,올림픽공원,대면,이서현,02-2147-2815,,
40,서울,"서초구, 영등포구",2023 한강달빛 야시장,기타(주민화합 등),"4.30.~6.4. / 
9.16~10.22.","반포한강공원 / 
여의도한강공원",대면,송휘영,02-2133-5550,,
41,서울,강북구,제20회 3.1독립운동 기념 행사,전통역사,3.1.,봉황각,대면,손태인,02-901-6203,,
42,서울,강북구,4.19혁명국민문화제,전통역사,4.8.~4.19.,국립4.19민주묘지 및 강북구일원,대면,구경모,02-901-6205,,
43,서울,강북구,종교연합바자회,기타(주민화합 등),10.7.,미정,대면,이준영,02-901-6204,,
44,서울,강북구,우이천 문화관광 행사(가칭),문화예술,3.30.~4.2.,우이천 일대,대면,김가영,02-901-6216,,
45,서울,강북구,강북구민 한마음 걷기대회,기타(주민화합 등),5월중,우이동 만남의 광장~북한산 우이령 일대,대면,박범준,02-901-6223,,
46,서울,강북구,제5회 산악문화제,생태자연,9월 중,우이동 만남의 광장,대면,김주현,02-901-6225,,
47,서울,강북구,2023년 강북구 한마음 체육대회,기타(주민화합 등),10월 ,강북구민운동장,대면,장재곤,02-901-6226,,
48,서울,금천구,금천하모니축제,문화예술,05.19.~05.21.,구청광장,대면,최혜연,02-2627-1442,,
49,서울,금천구,정조대왕 능행차 공동행사 재현,전통역사,10.14.,시흥5동,대면,이원진,02-2627-1452,,
50,서울,중랑구,2023 서울장미축제,문화예술,5월중,중랑장미공원,대면,심재만,02-2094-1823,,
51,서울,중랑구,2023 용마폭포문화예술축제,문화예술,10월중,용마폭포공원,대면,류지수,02-2094-1822,,
52,서울,도봉구,우이천 등 축제,문화예술,4. 6. ~ 4. 9.,우이천,대면,권미주,02-2091-2254,,
53,서울,도봉구,도봉산 페스티벌,문화예술,9. 23. ~ 9. 24.,"평화문화진지, 다락원 체육공원",대면,권미주,02-2091-2254,,
54,서울,도봉구,제11회 도봉구 등 축제,문화예술,10. 19. ~ 10. 22.,방학동 사계광장,대면,권미주,02-2091-2254,,
55,서울,도봉구,도봉옛길 문화제,문화예술,5월 중,"도봉옛길
도봉구 일대",대면,진현우,02-905-4026,,
56,서울,도봉구,제12회 정의공주와 함께하는 도봉한글잔치,문화예술,10월 중,"원당샘 공원
도봉구 방학동 일대",대면,진현우,02-905-4026,,
57,서울,노원구,노원 수제맥주축제,기타(주민화합 등),6.2.~6.3.,노원불빛정원,대면,남예운,02-2116-3776,,
58,서울,노원구,노원달빛산책,문화예술,10.13.~10.29.,당현천 일원,대면,남예운,02-2116-3776,,
59,서울,노원구,노원탈축제,문화예술,10.7.~10.8.,노해로 일원,대면,남예운,02-2116-3776,,
60,서울,용산구,2023 서울비보이페스티벌,문화예술,6.03,노들섬,대면,_,_,,
61,서울,용산구,"한강노들섬X오페라,발레",문화예술,10월 중,노들섬,대면,_,_,,
62,서울,중구,제2회 서울생활예술축제,문화예술,09.23.~09.24.,장충체육관,대면,_,_,,
63,서울,종로구,2023 서울서커스예술축제,문화예술,05.05~05.07.,"열린송현녹지광장
(예정)",대면,_,_,,
64,서울,중구,"서울거리예술축제2023
(前 하이서울페스티벌)",문화예술,10.7.~8.(예정),서울광장 일대,대면,_,_,,
65,서울,중구,제2회 서울융합예술페스티벌 언폴드엑스2023,문화예술,"11.20~12.3
(예정)","문화역서울
284",대면,_,_,,
66,서울,마포구,제22회 서울억새축제,생태자연,10.14.~10.20.,하늘공원,대면,황의식,02-300-5581,,
67,서울,-,서울대공원 벚꽃축제,생태자연,4.8.~4.16.,서울대공원 일대,대면,임명경,02-500-7022,,
68,서울,-,제23회 장미원축제,생태자연,5.28.~6.6.,서울대공원 테마가든,대면,임명경,02-500-7022,,
69,서울,-,제5회 호숫가영화제,문화예술,9.23.~9.24.,서울대공원 호수광장,대면,임명경,02-500-7022,,
70,서울,-,제8회 동물원 속 미술관,문화예술,10.21.~10.29.,서울대공원 일대,대면,임명경,02-500-7022,,
71,서울,서대문구,서대문독립페스타,전통역사,8.14.~8.15.,서대문형무소역사관,대면,김현수,02-330-8161,,
72,서울,서대문구,서대문 가을문화 주간,문화예술,10.14.~10.21.,관내 문화공간,대면,조현희,02-330-1577,,
73,서울,서대문구,벚꽃음악회,문화예술,4월 중 벚꽃개화기,안산자락길 등,대면,김정은,02-330-1550,,
74,서울,서대문구,서대문대학문화축제,문화예술,10월 중,서대문구 신촌 연세로 일대,대면,박소은,02-330-1438,,
75,서울,서대문구,프랑스거리음악축제 ,문화예술,6월 중,미정,대면,박소은,02-330-1438,,
76,서울,영등포구,제17회 영등포 여의도 봄꽃축제,문화예술,4. 4. ~ 4. 9.(예정),여의서로 벚꽃길 및 한강공원 일대,대면,전수린,02-2670-3128,,
77,서울,영등포구,제22회 신길6동 벚꽃축제,문화예술,3월말~4월초,"신길6동 벚꽃거리
(대방천로14길)",대면,심현창,02-2670-1344,,
78,서울,영등포구,제2회 영등포 지등축제,문화예술,10월 초,안양천 벚꽃길,대면,심규홍,02-2670-3519,,
79,서울,성동구,응봉산 개나리축제,"문화예술, 생태자연",3월말,응봉산일대,대면,전지영,02-2286-5203,,
80,서울,성동구,두모포 페스티벌,"문화예술, 전통역사",7월초,옥수역 하부 한강공원,대면,이대현,02-2286-5207,,
81,서울,성동구,태조이성계축제,"문화예술,전통역사",9월중,살곶이체육공원,대면,전지영,02-2286-5203,,
82,서울,성동구,세계민속춤 축제,문화예술,10월초,왕십리광장,대면,이대현,02-2286-5207,,
83,부산,-,부산낙동강유채꽃축제,생태자연,4월중,대저생태공원 일원,혼합형,임태훈,051-888-5222,,
84,부산,-,조선통신사축제,전통역사,5.5.~5.7.,용두산공원 일원,대면,문종식,051-888-5092,,
85,부산,-,부산항축제,기타,"5.27.~5.28.
(예정)","부산항국제여객터미널, 
국립해양박물관 일원",혼합형,김미희,051-888-5354,,
86,부산,-,부산원도심골목길축제,전통역사,6월중,"원도심 4개구(중구, 서구, 동구, 영도구) 일원",대면,임성원,051-888-5221,,
87,부산,-,부산국제록페스티벌,문화예술,7월중,삼락생태공원,혼합형,임성원,051-888-5221,,
88,부산,-,부산바다축제,생태자연,8월중,"해운대, 광안리, 다대포 해수욕장",혼합형,박지선,051-888-5224,,
89,부산,-,부산불꽃축제,문화예술,10월중,광안리해수욕장 일원,혼합형,임태훈,051-888-5222,,
90,부산,-,시민의 종 타종식,문화예술,12.31.,중구 용두산공원,혼합형,박지선,051-888-5224,,
91,부산,-,해운대북극곰축제,생태자연,12월중,해운대해수욕장,혼합형,임성원,051-888-5221,,
92,부산,중구,광복로 연등문화제,문화예술,5월 중,광복로 일원,취소,정지영,051-600-4065,,
93,부산,중구,부산자갈치축제,지역특산물,10.14.~10.17.,자갈치시장 일원 등,대면,김민선,051-600-4085,,
94,부산,중구,"보수동책방골목
문화축제",문화예술,10월중,보수동책방골목 일원,혼합형,최우영,051-600-4045,,
95,부산,중구,광복로 겨울빛 트리축제,문화예술,"23년12월
~'24년1월",광복로 일대,대면,김민선,051-600-4085,,
96,부산,서구,부산고등어축제,지역특산물,10.27.~10.29.,송도해수욕장,혼합형,조연희,051-240-4062,,
97,부산,동구,일신여학교 3.1운동 재현행사,문화예술,3.1.,일신여학교,대면,김영주,051-440-4062,,
98,부산,동구,차이나타운특구축제,문화예술,10월중,초량동 차이나타운 일대,혼합형,김영주,051-440-4062,,
99,부산,영도구,영도다리축제,문화예술,10.13.~10.15.,아미르공원,대면,신연진,051-419-4064,,
100,부산,영도구,영도 커피페스티벌,문화예술,11.3.~11.5.,아미르공원,대면,곽지향,051-419-6332,,
101,부산,부산진구,"전포커피축제
(구. 전포카페거리축제)",기타,10월중,전포카페거리 일원,혼합형,조무제,051-605-4524,,
102,부산,부산진구,서면메디컬스트리트 축제,기타,10월중,"서면메디컬스트리트 일원, 온라인플랫폼",혼합형,송지원,051-605-4521,,
103,부산,부산진구,희망 드림 빛 축제,주민화합,"23년11월
~'24년2월",부산시민공원 일원,대면,조무제,051-605-4524,,
104,부산,동래구,동래 3.1만세운동기념행사,문화예술,3.29.,동래고등학교 등,대면,박혜정,051-550-4094,,
105,부산,동래구,동래읍성역사축제,전통역사,10.13.~10.15.,"동래읍성(북문), 
동래문화회관 등",대면,박혜정,051-550-4094,,
106,부산,남구,UN평화축제,주민화합,"10월중
(2일간)",평화공원,대면,강경희,051-607-4064,,
107,부산,북구,구포장터 3.1만세운동기념행사,문화예술,3.29.,구포역 광장 등,대면,박준호,051-309-4522,,
108,부산,북구,낙동강 구포나루 축제,기타,10.13.~10.15.,화명생태공원,대면,박준호,051-309-4522,,
109,부산,해운대구,해운대모래축제,생태자연,5.19.~5.22.,해운대해수욕장 일원 ,대면,마선경,051-749-4062,,
110,부산,해운대구,해운대 달맞이온천축제,문화예술,2.3.~2.6.,해운대해수욕장 일원 ,취소,마선경,051-749-4062,,
111,부산,해운대구,해운대 해양레저축제,생태자연,9월중,송정해수욕장 일원,대면,정태영,051-749-5602,,
112,부산,해운대구,해운대 빛축제,문화예술,12월중,해운대해수욕장 일원 ,대면,마선경,051-749-4062,,
113,부산,해운대구,"해운대 카운트다운
&해맞이축제",기타,"23.12.31.
~24.1.1.",해운대해수욕장 일원 ,대면,마선경,051-749-4062,,
114,부산,사하구,부산어묵축제,지역특산물,10월중 ,다대포해수욕장 해변공원 일원 또는 장림항 일원,대면,최승훈,051-220-4492,,
115,부산,사하구,다대포 어항문화축제,전통역사,11월중,다대포항 공판장 일원,대면,오초원,051-220-4501,,
116,부산,사하구,감천문화마을골목축제,전통역사,"10월중
(3일간)","감천문화마을
일원",대면,이정원,051-220-5922,,
117,부산,금정구,금정산성축제,문화예술,5월중,금정산성일원,혼합형,김명숙,051-519-4062,,
118,부산,금정구, 부산국제공연예술제,문화예술,9월중,부산대학로 및 금정구 일원,혼합형,한지은,051-519-4066,,
119,부산,금정구,회동호 숲속 힐링 페스티벌,문화예술,10월중,회동호일원,혼합형,김명숙,051-519-4062,,
120,부산,금정구,라라라 페스티벌,기타,10월중,온천천,혼합형,이수예,051-519-4424,,
121,부산,연제구,연제고분판타지축제,전통역사,"3.31.~4.2.
(예정)","연산동 고분군,
온천천 시민공원",대면,정의창,051-665-4065,,
122,부산,강서구,대저토마토축제,지역특산물,4.1.~4.2.,강서체육공원,대면,김지영,051-970-4812,,
123,부산,강서구,강서 낙동강30리 벚꽃축제,생태자연,3.31.~4.2.,대저생태공원,대면,진은희,051-970-4062,,
124,부산,강서구,명지시장전어축제,지역특산물,8월중,명지시장 일원,대면,김은미,051-970-4472,,
125,부산,강서구,가덕도숭어축제,지역특산물,미정,미정,대면,주가현,051-970-4502,,
126,부산,수영구,제21회 광안리어방축제,전통역사,5.12.~5.14.,"광안리해변 및 
수영사적공원 일원",대면,백승진,051-610-4062,,
127,부산,사상구,사상강변축제,주민화합,10월중,삼락생태공원,대면,최윤정,051-310-4062,,
128,부산,기장군,정월대보름 달집태우기축제,주민화합,2.5.,철마면 장전리 256 일원,대면,하정만,051-709-5277,,
129,부산,기장군,기장멸치축제,지역특산물,4.28.~4.30.,대변항 일원,대면,하정훈,051-709-4502,,
130,부산,기장군,기장미역다시마축제,지역특산물,4월중,이동항 일원,대면,허민정,051-709-4612,,
131,부산,기장군,기장 봉한꿀 홍보행사,지역특산물,5월중,철마면 일원,대면,조슬기,051-709-2892,,
132,부산,기장군,기장갯마을축제,주민화합,7~8월중,일광 해수욕장 일원,대면,박주희,051-709-4065,,
133,부산,기장군,기장붕장어축제,지역특산물,9~10월중,칠암항 일원,대면,이지예,051-709-4521,,
134,부산,기장군,정관 생태하천 학습문화축제,주민화합,10월중,정관읍 좌광천 일원,대면,권소영,051-709-4332,,
135,부산,기장군,차성문화제,문화예술,10월중,기장읍 일원,대면,배은미,051-709-4062,,
136,부산,기장군,철마 한우 불고기 축제,지역특산물,10월중,철마면 일원,대면,조성연,051-709-2894,,
137,대구,-,형형색색 달구벌 관등놀이,문화예술,미정,대구전역,혼합형,신재호,053-803-3732,,
138,대구,-,대구포크페스티벌,문화예술,10.6.~10.7.,코오롱야외음악당,혼합형,이선희,053-803-3746,,
139,대구,-,대구국제재즈축제,문화예술,10.6.~10.8.,수성못,대면,이선희,053-803-3746,,
140,대구,-,대구생활문화제 ,문화예술,5.13.~5.14.,생활문화센터 등 대구일원,혼합형,박정남,053-803-3632,,
141,대구,-,파워풀대구페스티벌,문화예술,5.13.~5.14.,국채보상로 일원,대면,이병욱,053-803-6221,,
142,대구,-,대구국제뮤지컬페스티벌,문화예술,5.19.~6.5.,오페라하우스 및 공연장,혼합형,류혜숙,053-803-3791,,
143,대구,-,대구국제오페라축제,문화예술,10.6.~11.11.,대구오페라하우스 및 대구일원,대면,김영진,053-803-3792,,
144,대구,-,대구콘텐츠페어,기타(산업육성),10.7.~10.8.,엑스코,혼합형,김대영,053-803-3802,,
145,대구,-,팔공산 산중전통장터 승시 축제,전통역사,10월중,동화사,대면,도경용,053-803-6513,,
146,대구,-,대구치맥페스티벌,기타,7월경,두류공원,대면,정명화,053-803-3462,,
147,대구,-,제45회대구약령시한방문화축제,전통역사,5.5.~5.7.,대구약령시일원,대면,이화선,053-803-6452,,
148,대구,중구,제18회 대구패션주얼리위크,특산물,9월 중,대구패션주얼리특구 일원,대면,이수호,053-661-2647,,
149,대구 ,중구,"제10회 빨간구두이야기
(수제화축제)",문화예술,10월 중,향촌동 수제화골목,대면,이근하,053-661-2464,,
150,대구,중구,서문시장글로벌대축제,전통역사,10월 중,서문시장일대,혼합,이태현,053-661-2675,,
151,대구,중구,교동시장한마음축제,전통역사,10월 중,교동시장일대,혼합,이태현,053-661-2675,,
152,대구,중구,대구 문화재야행,문화예술,8.18~19.,경상감영공원,대면,김동균,053-661-2195,,
153,대구,중구,제11회 대구스트리트모터페스티벌,기타,5월중,남산동자동차부속골목일원,대면,차영미,053-661-3014,,
154,대구,중구,"제11회 김광석, 나의 노래 다시부르기",문화예술,9월중,신천둔치,대면,김보경,053-661-2177,,
155,대구,중구,제34회 동성로축제,기타,5.12.~5.14.,동성로일원,대면,김보경,053-661-2177,,
156,대구,중구,제31회 봉산미술제,문화예술,5월중,봉산문화거리일원,대면,김보경,053-661-2177,,
157,대구,중구,김광석길페스티벌,문화예술,10월중,김광석거리일원,대면,김보경,053-661-2177,,
158,대구,중구,대구화교중화문화축제,문화예술,10월중,"대구화교소학교, 종로거리일원",대면,김보경,053-661-2177,,
159,대구,동구,팔공산 벚꽃축제,생태자연,4월중,"팔공산
동화지구",대면,박윤미,053-662-4072,,
160,대구,동구,팔공산 단풍축제,생태자연,10월중,"팔공산
동화지구",미정,박윤미,053-662-4072,,
161,대구,서구,"달구벌목민관 부임
마을축제",전통역사,10월중(2일간),서구일대북비산네거리,대면,전소희,053-663-2184,,
162,대구,남구,제28회 대덕제 「대구앞산축제」,문화예술,5.5.~5.6.,앞산빨래터공원,대면,최민현,053-664-3262,,
163,대구,남구,제11회 로드페스티벌,문화예술,6.17.~6.18.,대명공연거리,대면,이지은,053-664-3263,,
164,대구,남구,2023 대구할로윈축제,문화예술,10.28.~10.29.,안지랑곱창골목,대면,최민현,053-664-3262,,
165,대구,북구,금호강바람소리길축제,문화예술/생태환경,9월~10월중,금호강 산격대교 하단,대면,이효영,053-665-2172,,
166,대구,북구,떡볶이 페스티벌,문화예술,5~6월 중,DGB대구은행파크,대면,이효영,053-665-2172,,
167,대구,북구,논두렁밭두렁마을축제,생태환경,10월중,학정동 들녘,대면,이효영,053-665-2172,,
168,대구,북구,댕댕이 페스티벌,주민화합,4~5월중,금호강 산격대교 하단,대면,도유경,053-665-3192,,
169,대구,수성구,수성못페스티벌,문화예술,9.22.~9.24.,수성못,대면,구혜련,053-666-2163,,
170,대구,달서구,장미꽃 필 무렵,생태자원,5.19.~5.21.,이곡장미공원 등,대면,윤문석,053-584-9714,,
171,대구,달서구,선사문화체험축제,전통역사,5.12.~5.13.,한샘청동공원 등,대면,강효승,053-554-4800,,
172,대구,달서구,희망달서 큰잔치,주민화합,10월중,달서아트센터 일원,대면,윤문석,053-584-9714,,
173,대구,달성군,제27회 참꽃 문화제,문화예술,4.22.~4.23.,비슬산,대면,이수권,053-668-2172,,
174,대구,달성군,2023 100대 피아노,문화예술,10.7.,사문진야외공연장,대면,이수권,053-668-2172,,
175,대구,달성군,yes! 키즈존,문화예술,5월/ 10월,강정보/ 국립대구과학관,대면,이수권,053-668-2172,,
176,인천,경제청,송도대표 축제,ㅇ 지역 전통문화,23년 10월중,송도달빛축제공원일원,대면,손병락,032-453-7872,,
177,인천,경제청,영종대표축제,ㅇ 지역 전통문화,23년 10월중,영종 씨사이드파크광장,대면,손병락,032-453-7872,,
178,인천,경제청,청라대표축제,ㅇ 지역 전통문화,23년 10월중,청라호수공원,대면,손병락,032-453-7872,,
179,인천,경제청,용유 바다축제,ㅇ 지역 전통문화,23년 7.~8월,용유일원,대면,손병락,032-453-7872,,
180,인천,경제청,IFEZ 20주년 경축음악회,ㅇ IFEZ 20주년 기념,23년 10월중,송도일원,대면,손병락,032-453-7872,,
181,인천,대공원,2023년 인천대공원 벚꽃축제,문화예술,"4.15.~4.16.
(일정변경가능)",인천대공원,대면,김은정,032-440-5812,,
182,인천,인천도시공사,제3회 인천도시재생축제,기타,09.22.~09.23.,인천아트플랫폼,대면,김은지,032-260-5372,,
183,인천,인천관광공사,2023 인천펜타포트음악축제,문화예술,6~9월,인천전역,대면,김명훈,032-899-7423,,
184,인천,인천관광공사,2023 인천개항장문화재야행,문화관광,"6월, 10월",인천 개항장 일대,대면,조형래,032-899-7422,,
185,인천,인천관광공사,제14회 INK콘서트,문화관광,9. 9.,인천문학경기장,대면,조선영,032-899-7425,,
186,인천,인천관광공사,제6회 동인천 낭만시장,주민화합,11. 4.~5.,동인천역 북광장,대면,천나혜,032-899-7427,,
187,인천,인천관광공사,all nights INCHEON 페스티벌,문화관광,10. 7.~29.,송도센트럴파크,대면,원유진,032-899-7424,,
188,인천,인천관광공사,송도세계문화관광축제(송도맥주축제),일반축제,8월,송도달빛축제공원,대면,조선영,032-899-7425,,
189,인천,인천관광공사,주섬주섬음악회,일반축제,7월,덕적도,대면,조형래,032-899-7423,,
190,인천,중구,2023 어린이축제,문화예술,5월,한중문화관/영종역사관,대면,최지훈,070-4123-8949,,
191,인천,중구,2023 영종국제도시 세계전통음식축제,문화예술,10월,씨사이드파크,대면,최지훈,070-4123-8949,,
192,인천,중구,2023 크리스마스 트리축제,문화예술,11월~2024년 1월,신포문화의거리,대면,최지훈,070-4123-8949,,
193,인천,중구,북성포구축제,문화예술,9월중,북성포구,대면,김수연,032-760-6445,,
194,인천,중구,연안부두축제,문화예술,10월중,인천종합어시장,대면,김수연,032-760-6445,,
195,인천,계양구,제9회 계양산국악제,"전통역사, 문화예술",4.21~4.22,계산체육공원,혼합형,이정은,032-450-5874,,
196,인천,계양구,계양문화로 빛축제(가칭),문화예술,10월~12월,"계양문화로
(예정)",대면,김동민,032-450-5866,,
197,인천,서구,제5회 서구 평생학습축제,ㅇ 기타(평생학습축제),09.15.~09.16.,미정,대면,구현정,560-0874,,
198,인천,서구,2023 정서진 해넘이 행사,ㅇ 기타(해넘이),12.26.~12.31.,정서진,대면,이혜지,560-5933,,
199,인천,연수구,제11회 능허대문화축제,기타,미정,관내공원,대면,김현식,032-749-7305,,
200,인천,남동구,제23회 소래포구축제,ㅇ 특산물,9~10월중,소래포구,대면,조우상,032-453-2142,,
201,인천,부평구,제27회 부평풍물대축제,문화예술,09.22.~09.24.,부평일대,대면,손기우,032-509-6425,,
202,인천,미추홀구,제20회 주안미디어문화축제,기타(주민화합 등),9월 중,미정,대면,조봄,880-7978,,
203,인천,미추홀구,수봉산 페스티벌,기타(주민화합 등),10월 중 ,수봉공원,대면,조봄,880-7978,,
204,인천,미추홀구,2023 미추홀윈터마켓,기타,12월 중,주안역 남광장,대면,정유진,032-880-4298,,
205,인천,동구,제34회 화도진축제,"전통역사, 문화예술",5월 중,동인천역북광장,대면,권중혁,032-770-6923,,
206,인천,강화군,고려산진달래축제,생태 자연,04.15.~04-23.,고려산일원,대면,이혜은,032-930-3622,,
207,인천,강화군,삼랑성역사문화축제,전통 역사,10.07.~10.15.,전등사일원,대면,문경양,032-930-3623,,
208,인천,강화군,강화 와글와글 원도심 활성화 행사,문화예술,04.22.~04.23.,강화읍 일원,대면,송은지,032-930-3565,,
209,인천,강화군,강화 화개정원 축제,문화예술,09.23.~09.24.,교동 화개정원 일원,대면,김미애,032-930-3562,,
210,인천,강화군,2023년 강화문화재야행,전통역사,09.08.~09.09,강화읍 용흥궁공원 일원,대면,김희경,032-930-3569,,
211,인천,강화군,강화 새우젓축제,특산물,10월 중,강화군 일원,대면,안현정,032-930-3413,,
212,인천,옹진군,장봉 벚꽃 축제,생태자연,4월 중(미정),북도면 장봉도옹암해변 등,대면,박은경,899-3412,,
213,인천,옹진군,연평 꽃게체험 걷기축제,생태자연,5월 중(미정),연평면 종합운동장 등,대면,안병진,899-2264,,
214,인천,옹진군,국사봉 알리기 등산대회,생태자연,4월 중(미정),영흥면 종합운동장 등,대면,안병진,899-2264,,
215,인천,옹진군,신시모도 삼형제 보물섬 축제,문화예술,5.27-28.,시도 삼형제보물섬 광장 일대,대면,안병진,899-2264,,
216,인천,옹진군,백령 심청효 연꽃축제,문화예술,8월 중(미정),백령심청테마파크,대면,안병진,899-2264,,
217,인천,옹진군,옹진 해변 가요제,문화예술,7.29.,십리포해수욕장,대면,안병진,899-2264,,
218,광주,-,배틀라인업in광주,문화예술,6월중,국립아시아문화전당,대면,김대진,062-613-3643,,
219,광주,-,푸드페스타,문화예술,10월중,미정,대면,김민수,062-613-3635,,
220,광주,-,2023 광주청년주간,청년축제,9월중,미정,대면,허규봉,062-613-2721,,
221,광주,-,광주미디어아트페스티벌,문화예술,10.04.~10.09.,518민주광장 일원,대면,송윤상,062-613-3672,,
222,광주,-,광주프린지페스티벌,문화예술,5~10월,5·18민주광장 등 광주시일원,대면,이창희,062-613-3182,,
223,광주,-,아트피크닉,문화예술,4~10월,중외공원 일대,대면,박미현,062-613-3433,,
224,광주,-,대인예술시장,문화예술,3~11월,대인예술시장 일원,대면,김신향,062-613-3432,,
225,광주,-,제30회 광주세계김치축제,문화예술,11월중,광주광역시일원,대면,안주경,062-613-3992,,
226,광주,동구,제20회 광주 추억의 충장축제,문화예술,10.05.~10.09.,"5?18민주광장, 충장로 등",대면,박태경,062-608-4672,,
227,광주,동구,2023 광주 버스커즈 월드페스티벌,문화예술,10.01.~10.09.,"5?18민주광장, 충장로 등",대면,정호존,062-608-4682,,
228,광주,서구,제8회 영산강 서창들녘 억새축제,생태자연,10.13.~10.22.,영산강친수공원일원,대면,김성환,062-350-4792,,
229,광주,남구,제40회 고싸움놀이축제,문화예술,2.3~2.5.,고싸움놀이테마파크 일원,대면,우정현,062-607-2315,,
230,광주,남구,제12회 굿모닝!양림,문화예술,10월중,양림동 일대,대면,양서윤,062-607-2312,,
231,광주,남구,2023 양림&크리스마스 문화축제,문화예술,12.1.~12.31,양림동,대면,김지애,062-607-2316,,
232,광주,광산구,광산뮤직페스티벌(가칭),문화예술,8월중,송산근린공원,대면,이경진,062-960-6854,,
233,대전,-,2023 대전 0시 축제,문화관광,8.11.~8.17.,대전역~옛 충남도청 등 원도심 일원,대면,심상욱,042-270-3978,,
234,대전,-,2023 대전 0시 뮤직페스티벌,문화예술,"5.19.~20.
5.26.~27. 
/ 2회","대흥동 문화예술의 거리, 으능정이 거리, 중앙로 지하상가",대면,이성혜,042-270-3976,,
235,대전,-,2023 대전사이언스페스티벌,문화예술,10.19~10.22.,"엑스포시민남문광장, DCC, 원도심 일원 등",대면,이용윤,042-270-0312,,
236,대전,-,제2회 자운대 민군화합 페스티벌,기타(민군화합),10월(예정),자운대,대면,김종천,042-270-4993,,
237,대전,-,2023 대전 반려동물 문화축제,문화예술,10월 중,대전반려동물공원,대면,성선혜,042-270-7233,,
238,대전,-,충청권 생활문화축제,문화예술,10월 중,미정,대면,황철민,042-270-4427,,
239,대전,-,대전빵축제,시민축제,5월예정,미정,대면,문성수,042-250-1271,,
240,대전,서구,2023 대전 서구힐링 아트페스티벌,문화예술,10월,샘머리공원 및 보라매공원 일원,대면,안태현,042-288-2742,,
241,대전,중구,제14회 대전효문화뿌리축제,전통역사,"9월~10월 중
(3일간)",뿌리공원 및 원도심 일원,혼합형,강지연,042-606-6292,,
242,대전,동구,2022년 제4회 대청호 벚꽃축제,생태자연,04.07.~04.09.,신상동 282번지 일원,대면,김초희,042-251-6685,,
243,대전,동구,2023 소제RED블루스페스티벌(가칭) ,기타(주민화합 등),6월 말(예정),소제동 일원,대면,이재일,042-251-4704,,
244,대전,동구,오감만족 인쇄UP아트페스티벌,문화예술,9월 초(예정),인쇄특화거리 일원,대면,박강우,042-251-4205,,
245,대전,동구,2023년 대동천 소문난 청춘 페스티벌,기타(주민화합 등),10.13.~10.15.,대동천 일원(철갑교~가제교),대면,김보람,042-251-6675,,
246,대전,동구,제1회 캠핑요리축제,기타(주민화합 등),04.29.~04.30.,상소동 오토캠핑장,대면,최미화,042-251-4653,,
247,대전,동구,제2회 낭월이 뜬다 축제,기타(주민화합 등),11월(예정),낭월동 뉴딜사업지 일원,대면,김헌교,042-251-4733,,
248,대전,유성구,2023 유성온천문화축제,문화예술,5.12.~5.14.,온천로일원,대면,김윤희,042-611-2080,,
249,대전,유성구,2023 유성 재즈&맥주 페스타,문화예술,8.25.~8.26.,유림공원,대면,김윤희,042-611-2080,,
250,대전,유성구,2023 유성크리스마스축제,문화예술,12.2.~12.3.,온천로일원,대면,김윤희,042-611-2080,,
251,대전,대덕구,2023 대덕축제(가칭),문화예술,4.7.~5.7.,대청공원,대면,김현진,042-608-6732,,
252,울산,-,울산대공원 장미축제,관광(산업)자원,05.24.~05.28.,울산대공원 장미원 남문광장,대면,이선대,052-229-3343,,
253,울산,-,울산태화강 대숲납량축제,기타,08.11.~08.14.,태화강 국가정원,대면,강상혁,052-229-3754,,
254,울산,-,울산서머페스티벌,문화예술,8월 중,5개 구군,대면,표가희,052-229-3753,,
255,울산,-,아시아 퍼시픽 뮤직 페스티벌,문화예술,9월 중,문화예술회관,대면,표가희,052-229-3753,,
256,울산,-,외솔한글한마당,문화예술,10월 중,중구원도심,대면,표가희,052-229-3753,,
257,울산,-,울산대공원 빛축제,대규모행사,12 ~1월(45일간),울산대공원 정문 풍요의 못 일원,대면,이선대,052-229-3343,정성옥,226-0305
258,울산,-,119안전문화축제,대규모행사,10월 중,UECO,대면,김동필,052-229-5331,,
259,울산,-,울산산업문화축제,기타(주민화합 등),06.01.~06.04.,태화강 국가정원 일원,대면,박소정,052-229-2722,,
260,울산,-,제1회 태화강 억새정원 나들이,생태자연,10월중(3일간),태화강 북구 억새군락지,대면,안지혜,052-229-8523,,
261,울산,-,태화강 국가정원 봄꽃축제,문화예술,05.12.~05.14.,태화강 국가정원,대면,김 현,052-229-7562,,
262,울산,-,태화강 국가정원 가을축제,문화예술,10.20.~10.22.,태화강 국가정원,대면,김 현,052-229-7562,,
263,울산,중구,태화강마두희축제,전통역사,06.23.~06.25.,중구 원도심 일원,대면,심명희,052-290-3662,,
264,울산,중구,눈꽃축제,주민화합,12월중,중구 원도심 일원,대면,박재경,052-290-3324,,
265,울산,중구,태화강국제재즈페스티벌,문화예술,5월 중,태화강 국가정원 야외공연장,대면,최수진,052-290-3663,,
266,울산,남구,제27회 울산고래축제,"기타(문화,관광)",05.11.~05.14.,장생포고래문화특구 일원,대면,현성덕,052-226-3403,,
267,울산,남구,장생포 수국페스티벌,기타(관광),6월 중,고래문화마을 일원,대면,남민정,052-226-5372,,
268,울산,남구,장생포 한여름 밤의 호러페스티벌,기타(관광),8월 중,고래문화마을 일원,대면,남민정,052-226-5372,,
269,울산,남구,2023 삼호 버드페스티벌,생태자연,11.11.~11.12,태화강 국가정원 삼호철새공원,대면,안지연,052-226-4902,,
270,울산,남구,즐겨보개 펫스티벌,기타(반려동물),5~6월,문수국제양궁장 및 애견운동공원 일원,대면,김은희,052-226-5261,,
271,울산,남구,궁거랑 벚꽃 한마당,문화예술,03.31.~04.01.,무거생태하천일원,대면,이희선,052-226-5412,,
272,울산,남구,남구문화예술제,문화예술,9월 중,남구문화원 일원,대면,박용필,052-226-5415,,
273,울산,남구,남구강변영화제,문화예술,6월~10월 중(3회),태화강둔치,대면,박용필,052-226-5415,,
274,울산,남구,태화강 빛 축제,문화예술,10월 중,태화강둔치,대면,이희선,052-226-5412,,
275,울산,동구,2023 울산조선해양축제, 기타,07.21.~07.23.,일산해수욕장 일원,대면,최정윤,052-209-3502,,
276,울산,북구,제19회 울산쇠부리축제,전통역사,05.12.~05.14.,달천철장,혼합형,강정,052-241-7333,,
277,울산,울주군,작천정 벚꽃축제,생태자연,03.20~04.10.,작천정 벚꽃길 일원,대면,박현정,052-204-1753,,
278,울산,울주군,제12회 우시산국축제,전통역사,04.10~04.30.,웅촌면 회야강 일원,대면,이희권,052-204-0315,,
279,울산,울주군,2023년 울산옹기축제,전통역사,05.05~05.07.,외고산 옹기마을 일원,혼합형,이나라,052-204-0355,,
280,울산,울주군,간절곶해맞이축제,생태자연,12.31.~01.01.,간절곶 일원,대면,김경희,052-204-0312,,
281,울산,울주군,봉계한우불고기 축제,특산물,09.01~11.01,봉계한우불고기특구 일원,대면,김문찬,052-204-1623,,
282,울산,울주군,울산울주세계산악영화제,문화예술,10.20.~10.29.,상북면 복합웰컴센처 일원,혼합형,김경희,052-204-0312,,
283,울산,울주군,울주음식문화축제,특산물,10월 중,미정,대면,박선주,052-204-2222,,
284,세종,-,제16회 세종전의조경수묘목축제,생태자연,"(예정)3월, 5월","세종전의묘목플랫폼, 세종중앙공원",대면,문은지,044-300-4413,,
285,세종,-,조치원봄꽃축제,기타(주민화합 등),(예정)4월,조치원읍일원,대면,오정민,044-301-5054,,
286,세종,-,벚꽃축제,기타(주민화합 등),04.08.~04.09.,부용리 벚꽃십리길 ,대면,이다연,044-301-5512,,
287,세종,-,낙화놀이축제,기타(주민화합 등),(예정)5월,세종중앙공원 등,대면,박용준,044-300-5833,,
288,세종,-,제21회 세종조치원복숭아축제,특산물,7월말~8월초,조치원읍 일대,대면,김은정,044-300-2513,,
289,세종,-,세종축제,기타(문화관광),10.7.~10.9.,"세종호수공원,중앙공원,금강보행교",대면,박종훈,044-300-3442,,
290,세종,-,김종서장군문화제,기타(주민화합 등),(예정)10월 중,김종서장군역사테마공원,대면,안소라,044-301-5611,,
291,세종,-,2023 세종빛축제,기타(문화관광),(예정)11월~1월,"금강보행교, 금강수변공원",대면,이혜진,044-300-5832,,
292,경기,수원시,제60회 수원화성문화제,"문화예술, 전통역사",10.7.(토)~10.9.(월),수원화성,대면,이유진,031-228-3068,,
293,경기,수원시,정조대왕 능행차 공동재현,"문화예술, 전통역사",10.8.(일)~10.9.(월),수원화성,대면,"김현진
최우용",031-228-2367,,
294,경기,수원시,세계유산축전 수원화성,"문화예술, 전통역사",9.23.(토)~10.14.(토),수원화성,대면,강유경,031-228-2454,,
295,경기,수원시,수원화성 미디어아트쇼,"문화예술, 전통역사",9.16.(토)~10.15.(일),수원화성,대면,김남수,031-228-3084,,
296,경기,성남시,성남 e스포츠(SeN) 페스티벌,문화예술,9.9.~9.10.,미정,대면,한광희,031-782-3096,,
297,경기,성남시,2023년 반려동물 페스티벌(가칭),기타,10월중(예정),성남시청 광장,대면,김예슬,031-729-3287,,
298,경기,성남시,제9회 복정 어울림 빛 축제,기타(주민화합 등),2023.12월 중,복정동 분수광장 일대,대면,이은정,031-729-5842,,
299,경기,고양시,고양행주문화제,전통역사,05.19~05.21,행주산성 일원,대면,최진호,031-8075-3371,,
300,경기,고양시,고양호수예술축제,문화예술,10.06~10.09,일산호수공원 일원,대면,노정백,031-960-9680,,
301,경기,고양시,제3회 행주가 예술이야,"문화예술, 전통역사","04.28.~05.14.
(예정)",행주산성,대면,성남신,031-8075-3404,,
302,경기,용인시,도농어울림행사(전 사계절테마축제),기타(체험 및 전시),"04.29.~05.07.
10.14.~10.22.",농촌테마파크,대면,신명숙,031-324-4024,,
303,경기,용인시,제10회 경안천 창포 축제,전통역사,6월중,경안천 일대,대면,강태환,031-324-5053,,
304,경기,용인시,제9회 백암 백중문화제,기타(주민화합 등),"09.01.~09.03
(유동적)",백암면 전통시장,대면,윤철민,031-324-5792,,
305,경기,용인시,신갈오거리마을축제(가제),"문화예술, 기타(주민화합 등)",9~10월 중(3일간),신갈천,대면,변승협,031-324-3241,,
306,경기,용인시,포은문화제,전통역사,10.13.~10.15.,포은 묘역 및 포은아트홀 일원,대면,이미경,031-324-2097,,
307,경기,용인시,제23회 용인사이버과학축제,기타(주민화합 등),10.14.~10.15.,용인시청 광장,대면,심진희,031-324-2083,,
308,경기,부천시,제26회 부천국제만화축제,문화예술,09.21.~09.24(예정),"부천시청, 한국만화박물관 등",혼합형,조성원,032-625-9377,,
309,경기,부천시,제7회 국제코스프레 페스티벌,문화예술,09.21.~09.24(예정),"부천시청, 한국만화박물관 등",혼합형,조성원,032-625-9377,,
310,경기,부천시,제25회 부천국제애니메이션페스티벌,문화예술,10.20.~10.24.,"부천시청, CGV부천 등",혼합형,조성원,031-481-3511,,
311,경기,안산시,제26회 성호문화제,전통역사,5월중 2일,성호공원,대면,-,031-481-2068,,
312,경기,안산시 ,제19회 안산국제거리극축제,문화예술,5.5.~5.7.,안산문화광장,대면,류필,-,,
313,경기,안산시,"정조대왕 능행차 공동재현
(제13회 안산읍성 문화예술제)",전통역사,10월중 1일,안산읍성,대면,-,02-2680-2162,,
314,경기,안산시,제4회 안산 김홍도 축제,문화예술,10.13. ~ 10.15.,화랑유원지,대면,김나영,031-678-2513,,
315,경기,안양시,안양충훈벚꽃축제,생태자연,4월 중(3일간),석수3동 충훈2교 일대,대면,우세진,031-8045-2064,,
316,경기,안양시,제32회 안양예술제,예술축제,5월중(2일간),평촌중앙공원,대면,이유리,031-8045-5593,,
317,경기,안양시,안양시민축제,기타(주민화합 등),9월 중(3일간),평촌중앙공원 등,대면,우세진,031-8045-2064,,
318,경기,안양시,안양1번가 넘버원 페스티벌,패션뷰티축제,11월중(9일간),안양1번가 일원,대면,이인호,031-8045-5122,,
319,경기,안양시,제7회 안양공공예술프로젝트(APAP7),예술축제,8.25~11.2(70일간),안양예술공원 및 (구)농림축산검역본부 일원,대면,제갈민,031-8045-5469,,
320,경기,남양주시,제37회 정약용문화제,전통역사,10.14.~10.15.,"정약용유적지, 다산생태공원 일원",대면,송혜린,031-590-2799,,
321,경기,남양주시,제18회 광릉숲축제,자연,미정,광릉숲 일원,대면,임희주,031-590-2454,,
322,경기,화성시,제13회 화성뱃놀이축제,생태자연,6.9.~6.11.,전곡항 및 제부도,대면,남지선,031-5189-6136,,
323,경기,화성시,제15회 품앗이 공연예술축제,문화예술,8.25.~8.27.,우정읍 이화리,대면,유무승,031-5189-6147,,
324,경기,화성시,제9회 화성송산포도축제,특산물,9.2.~9.3.,궁평항 일원,대면,문성민,031-5189-6441,,
325,경기,화성시,제1회 도농 어울림 축제,주민화합,9.23.~9.24.,동탄여울공원,대면,오미경,031-5189-4713,,
326,경기,평택시,평택호 물빛축제,문화예술,9월중(2일간),평택호,대면,기미형,031-8053-3544,,
327,경기,평택시,가족캠핑 스마트 영상 축제,문화예술,10월 초(2박3일),진위천유원지,대면,이명갑,031-8024-3222,,
328,경기,평택시,한미 어울림 축제,문화예술,10월 중(2일간),미군부대 앞 거리,대면,양희은,031-8024-5336,,
329,경기,평택시,한미친선 한마음 축제,문화예술,5월 중(2일간),안정리 로데오 거리,대면,양희은,031-8024-5336,,
330,경기,평택시,한미친선 문화 한마당,문화예술,10월 중(2일간),신장쇼핑몰,대면,양희은,031-8024-5336,,
331,경기,평택시,할로윈축제(신장),문화예술,10월 말,신장쇼핑몰,대면,양희은,031-8024-5336,,
332,경기,평택시,할로윈축제(팽성),문화예술,10월 말,안정리 로데오 거리,대면,양희은,031-8024-5336,,
333,경기,평택시,평택 꽃 나들이,문화예술,2023. 4. 22.~2023. 4. 30.,평택시농업기술센터 및 농업생태원 일원,대면,최재구,031-8024-4665,,
334,경기,평택시,평택 가을 수확축제,문화예술,2023. 10. 중,평택시농업기술센터 및 농업생태원 일원,대면,최재구,031-8024-4665,,
335,경기,평택시,송탄관광특구 한마음대축제,기타(주민화합 등),9월 중,서정동 관광특구로 일대,대면,김종윤,031-8024-3291,,
336,경기,화성시,정조 효 문화제(정조대왕 능행차 화성구간),전통역사,10.7.~10.8.,융건릉 일원,대면,조경신,031-5189-3835,,
337,경기,의정부시,제22회 의정부 음악극 축제,문화예술,6.1.~6.10.,"의정부예술의전당, 의정부아트캠프, 의정부시 일원",대면,변재환,031-828-4342,,
338,경기,의정부시,제5회 블랙뮤직페스티벌,문화예술,9.1.~9.2.,"의정부 아트캠프, 캠프레드클라우드 등 ",대면,변재환,031-828-4342,,
339,경기,의정부시,제38회 회룡문화제,전통역사,9.22.~9.24.,의정부시 일원,대면,이혜선,031-828-4332,,
340,경기,시흥시,제18회 시흥갯골축제,생태자연,9월 중,시흥갯골생태공원,대면,신하람,031-310-2916,,
341,경기,시흥시,시흥거북섬 축제,기타(주민화합 등),7월 중,시흥 거북섬 및 웨이브파크 일원,대면,지승진,031-310-2906,,
342,경기,시흥시,연성문화제,전통역사,10월 중,연꽃테마파크 일원,대면,서윤진,031-310-6702,,
343,경기,시흥시,제30회 물왕예술제,문화예술,05.12~05.14,"물왕산현공원, 배곧생명공원, 대야 비둘기공원",대면,김수경,031-310-6730,,
344,경기,시흥시,은계호수공원가을콘서트,문화예술,10.07~10.08,은계호수공원,대면,박현우,031-310-6731,,
345,경기,파주시,파주개성인삼축제,특산물,10.21~10.22.,임진각광장,대면,조형준,031-940-5281,,
346,경기,파주시,파주장단콩축제,특산물,11.24.~11.26.,임진각광장,대면,서현태,031-839-2378,,
347,경기,파주시,파주북소리 축제,문화예술,10월 중,파주출판도시,혼합형,최은진,031-940-4721,,
348,경기,파주시,파주출판도시 어린이책잔치,문화예술,5.5.~5.7.,파주출판도시,혼합형,최은진,031-940-4721,,
349,경기,파주시,파주 헤이리 예술축제,문화예술,9~11월,헤이리 예술마을,혼합형,남기정,031-940-4722,,
350,경기,파주시,제33회 율곡문화제,전통역사,10월중,율곡이이유적지,대면,고윤정,031-940-4351,,
351,경기,광명시,페스티벌 광명,문화예술,하반기,(미정),대면,김진원,02-2680-6059,,
352,경기,광명시,광명동굴 대한민국 와인페스티벌,문화예술,9월 중,광명동굴 미디어광장,대면,장수진,02-2680-2159,,
353,경기,광명시,구름산예술제,문화예술,하반기,(미정),대면,조미경,02-2680-6498,,
354,경기,광명시,오리문화제,문화예술,5월 중,광명시민체육관,대면,정지연,02-2680-0761,,
355,경기,광명시,제15회 광명농악대축제,문화예술,10월 중,미정,대면,홍재석,031-645-3670,,
356,경기,김포시,2023 김포 아라마린 페스티벌,문화예술,5월 중,김포 아라마리나,혼합형,김예린,031-980-5112,,
357,경기,김포시,월곶 저잣거리 축제,전통역사,9월 중,김포 월곶면 군하리,혼합형,이송은,031-980-5113,,
358,경기,김포시,김포 도심축제,문화예술,11월 중,금빛수로,혼합형,원지영,031-980-5103,,
359,경기,군포시,군포철쭉축제,생태자연,4월 28~30(예정),"군포철쭉공원, 초막골생태공원 등",대면,신우정,031-390-0063,,
360,경기,이천시,이천체험문화축제,기타(주민화합),5.20.~5.21.,미정,대면,김학보,031-644-4137,,
361,경기,이천시,제23회 이천쌀문화축제,"문화예술, 체험, 전통역사, 특산물, 
기타(주민화합 등)",10.18~10.22,이천농업테마공원,대면,임병웅,031-644-3657,,
362,경기,이천시,제37회 이천도자기축제,"문화예술, 전통역사, 특산물(품)",4.26~5.7,예스파크,대면,조여은,031-644-2322,,
363,경기,이천시,제8회 이천인삼축제,특산물,11.3~11.5,이천인삼판매센터,대면,성우석,031-644-4334,,
364,경기,이천시,제13회 이천시 평생학습축제,기타,5~6월중,설봉공원예정,대면,류이타,031-644-2323,,
365,경기,이천시,제26회 햇사레장호원복숭아축제,특산물,9.22~24.,햇사레농산물산지유통센터,대면,김우치,031-644-8518,,
366,경기,이천시,이천백사산수유꽃축제,생태자연,3월말~4월초,산수유마을,대면,강선영,031-645-3662,,
367,경기,이천시,설봉산 별빛축제,문화예술,미정,설봉공원,대면,박재민,032-625-9377,,
368,경기,양주시,양주 천일홍 축제,생태자연,9월~10월 초(2일간),양주나리농원 일원,대면,이봉숙,031-8082-5655,,
369,경기,양주시,양주 회암사지 왕실축제, 전통역사,5월중(2일),회암사지 일원,혼합형,김동규,031-8082-4170,,
370,경기,양주시,양주문화재야행, 전통역사,2023. 9월 중(3일 간),양주관아지 일원,대면,이경민,031-8082-5673,,
371,경기,오산시,제14회 오산 독산성문화제,전통역사,10.21. ~ 10.22.,고인돌공원 및 독산성 세마대지 일원,대면,이해나,031-8036-7613,,
372,경기,오산시,야맥축제,주민화합,"5월, 10월",오색시장,대면,유미정,031-8036-7552,,
373,경기,구리시,구리시 빛축제,문화예술,11월 중(20일간),주요 시가지,대면,유다영,031-550-2065,,
374,경기,구리시,구리 유채꽃 한강예술제,문화예술,5월 중(2일),한강시민공원,대면,유다영,031-550-2065,,
375,경기,구리시,구리 코스모스 한강예술제,문화예술,10월 중(3일),한강시민공원,대면,유다영,031-550-2065,,
376,경기,안성시,안성맞춤 남사당 바우덕이 축제,문화예술,9월 말~10월 초,안성맞춤랜드,대면,김창기,031-678-2513,,
377,경기,안성시,안성맞춤포도축제,특산물,9월 중,서운면 일원,대면,김창기,031-678-2513,,
378,경기,안성시,죽주대고려문화축제,전통역사,9월 말~10월 초,동안성시민복지센터 일원,대면,김창기,031-940-5282,,
379,경기,포천시,포천 시민의날 축제,기타(주민화합 등),2023. 10.,포천종합운동장,대면,홍대규,031-538-2534,,
380,경기,포천시,포천 산정호수 명성산 억새꽃 축제,생태자연,2023. 10.13.~10. 29.,산정호수,혼합형,이민준,031-538-2068,,
381,경기,포천시,백운계곡 동장군 축제,생태자연,23.12.23.~24.2.4.,도리돌마을,대면,이민준,031-538-2068,,
382,경기,포천시,포천아트밸리 축제,문화예술,2023. 5.,포천아트밸리,대면,김경민,031-538-3489,,
383,경기,포천시,포천 시민의날 축제,기타(주민화합 등),2023. 10.,포천종합운동장,대면,홍대규,031-538-2534,,
384,경기,포천시,한탄강 지오페스티벌 개최,"문화예술, 생태 자연",2023. 6.,,대면,강선아,031-538-3131,,
385,경기,의왕시,의왕철도축제,기타(주민화합 등),05. 05.~05. 06.,"의왕 왕송호수 공원, 철도박물관 등",대면,박지혜,031-345-2548,,
386,경기,의왕시,의왕백운호수축제,기타(주민화합 등),9월 중(2일간),의왕 백운호수 주차장,대면,박지혜,031-345-2548,,
387,경기,의왕시,의왕왕송호수 겨울축제,기타(주민화합 등),23. 12월~24. 1월 중(20일간),의왕 왕송호수 공원,대면,박지혜,02-3677-2065,,
388,경기,여주시,제35회 여주도자기축제,특산물,05.19~29.,신륵산관광단지,대면,정영훈,031-881-9692,,
389,경기,여주시,2023 여주오곡나루축제,특산물,10. 20. ~22.(예정),신륵산관광단지,대면,정영훈,,,
390,경기,여주시,제3회 선비장터축제,"특산물, 주민화합",10.14.~10.15.,가남읍 태평리 대신천변 일원,대면,이가영,031-887-3835,,
391,경기,여주시,제17회 금사참외축제,특산물,05.26.~05.28.,금사근린공원 일원,대면,김동우,031-887-3902,,
392,경기,여주시,제18회 산북품실축제,전통역사,10.27.~10.28.(예정),"산북면
체육공원",대면,김용현,031-887-3913,,
393,경기,여주시,제7회여주흥천남한강벚꽃축제,생태자연,04.07~04.09,"벚꽃축제장
귀백리 산7번지일원",대면,조경희,031-887-3875,,
394,경기,양평군,제24회 양평단월고로쇠축제,특산물,3.18.~3.19.,단월레포츠공원,혼합형,조자영,031-770-3192,,
395,경기,양평군,제6회 갈산누리봄축제,"문화예술, 생태자연",4월 중,양평생활체육공원,대면,최혜정,031-770-3003,,
396,경기,양평군,제19회 양평 산수유 한우 축제,생태자연,4.1.~4.2.,개군면 레포츠공원,대면,홍민지,031-770-3342,,
397,경기,양평군,제12회 용문산 산나물 축제,특산물,4.28.~4.30.,용문산 관광지,혼합형,김보영,031-770-1072,,
398,경기,양평군,제13회 양평 용문산 산나물축제(용문역 일원),특산물,5.5.~5.7.,용문역,혼합형,김성훈,031-770-3332,,
399,경기,양평군,제9회 양평 워터워 페스티벌(양평 물축제),기타(주민화합 등),7월중,옥천면 레포츠공원 및 사탄천 일원 ,대면,이혜민,031-770-3132,,
400,경기,양평군,제4회 양평부추축제,특산물,9.16.~9.17.,양동면 석곡천일원,대면,이하영,031-770-3253,,
401,경기,양평군,제3회 양강섬 예술축제 <페스티벌 다다>,문화예술,10.중,양강섬 일대,대면,배다은,031-770-2472,,
402,경기,동두천시,제35회 소요단풍문화제,문화예술,10월중,소요산야외음악당,대면,이민우,031-860-2063,,
403,경기,동두천시,제23회 동두천락페스티벌,문화예술,9월중,소요산 야외무대,대면,이민우,031-860-2275,,
404,경기,동두천시,제4회 DDC 할로윈 거리예술 축제,문화예술,10월말,보산동 관광특구,대면,이정민,031-345-2548,,
405,경기,과천시,과천축제,문화예술,9.22.~9.24.,과천시 일원,대면,김다흰,,,
406,경기,가평군,자라섬 봄 꽃 축제,"생태자연, 특산물",05.20.~06.09.,자라섬,대면,최민용,031-580-2098,,
407,경기,가평군,자라섬 가을 꽃 축제,"생태자연, 특산물",09.16.~10.13.,자라섬,대면,최민용,031-580-2098,,
408,경기,가평군,청춘역1979 페스티벌,문화예술,6.2~6.4.,청평면 청춘역1979,대면,임은빈,031-580-2501,,
409,경기,가평군,제20회 자라섬 재즈페스티벌,문화예술,10.6.~10.8.,자라섬,대면,임은빈,031-580-2501,,
410,경기,연천군,제30회 연천 구석기 축제,전통역사,05.04.~05.07.,연천 전곡리 유적,대면,정세미,031-839-2378,,
411,경기,연천군,2023 연천 거리문화축제,"문화예술, 전통역사, 주민화합",05.05.~05.07.,전곡 전통시장 일원,대면,정세미,031-839-4238,,
412,경기,연천군,연천 국화 전시회,생태자연,10월 중,연천 전곡리 유적,대면,김한나,031-839-2740,,
413,경기,연천군,제8회 연천장남 통일바라기축제,생태자연,8~9월 중,장남면 호로고루 일원,대면,최원이,031-839-2736,,
414,경기,연천군,제2회 연천 당포성 별빛 축제,"문화예술, 생태자연, 전통역사, 주민화합",10월 중,미산면 동이리 당포성,대면,조혜수,031-839-2316,,
415,경기,연천군,연천율무축제(연천농특산물큰장터),특산물,10월 중,연천 전곡리 유적,대면,김진규,031-839-2316,,
416,경기,연천군,고려인삼축제,특산물,10월 중,연천 전곡리 유적,대면,김진규,031-8075-3404,,
417,강원,춘천시,춘천호수 드론 라이트쇼,문화예술 ,05.06.~07.31.,삼천동 392-3번지 일원 등 의암호 주변,대면,박혜선,033-250-3072,,
418,강원,춘천시,2023 춘천마임축제,문화예술,05.28.~06.04.,"삼악산 케이블카 주차장, 축제극장 몸짓 등 ",대면,유미나,033-250-3485,,
419,강원,춘천시,춘천막국수닭갈비축제,특산물,06.13.~06.18.,삼천동 392-3번지 일원(삼악산 호수케이블카 임시주차장),대면,박혜선,033-250-3072,,
420,강원,춘천시,제35회 춘천인형극제,문화예술,06.26.~12.24.,춘천인형극장 및 춘천시내 일원,대면,이창훈,033-250-3488,,
421,강원,춘천시,춘천 토이페스티벌,기타(관광),9월 중,서면 애니메이션박물관 일원,대면,박혜선,033-250-3072,,
422,강원,춘천시,소양강문화제,문화예술,9월 중,"봉의산순의비, 공지천 야외무대",대면,이정아,033-250-3061,,
423,강원,원주시, 제25회 원주한지문화제 , 특산물 , 05.05.~05.14. , 원주한지테마파크 일원 , 혼합형 , 김유란 ,033-737-5122,,
424,강원,원주시, 제16회 용수골꽃양귀비축제 , 생태자연 , 05.23.~06.11. , 용수골꽃농장 , 대면 , 김유란 ,033-737-5122,,
425,강원,원주시, 제21회 장미축제 , 생태자연 , 05.30.~06.01. , 장미공원 , 대면 , 김유란 ,033-737-5122,,
426,강원,원주시, 제13회 남한강축제 , 생태자연 , 07.29.~07.30. , 법천소공원 , 대면 , 김유란 ,033-737-5122,,
427,강원,원주시, 치악산찰옥수수축제 , 특산물 , 7월 중 , 문막체육공원 , 대면 , 엄일식 , 033-737-4131 ,,
428,강원,원주시, 치악산복숭아축제 , 특산물 , 8월 중 , 댄싱공연장 일원 , 대면 , 엄일식 , 033-737-4131 ,,
429,강원,원주시, 원주삼토페스티벌 , 전통역사 , 09.14.~09.17. , 종합운동장 일원 , 대면 , 최창순 , 033-737-4155 ,,
430,강원,원주시,2023 원주다이내믹댄싱카니발, 문화예술,09.22.~09.24.,댄싱공연장 일원,대면,김유란,033-737-5122,,
431,강원,원주시,치악산한우축제,특산물,10월 중,댄싱공연장 주차장,대면,김태종,033-737-4195,,
432,강원,원주시,원주 독서대전, 문화예술,10월 중,시립중앙도서관,대면,남진아,033-737-4362,,
433,강원,원주시, 원주 평생학습 축제 , 기타(주민화합) , 10.06.~10.07. , 원주문화원 일원 , 대면 , 김혜숙 , 033-737-3808 ,,
434,강원,원주시, 치악산배축제 , 특산물 , 11월 중 , 원주원예농협 하나로마트광장 , 대면 , 엄일식 , 033-737-4131 ,,
435,강원,강릉시,2023 경포벚꽃잔치,기타,4월 중,경포대 및 경포호 일원,대면,김남호,033-640-5130,,
436,강원,강릉시,강릉단오제,전통역사,06.18.~06.25.,강릉남대천 둔치 일원,대면,홍지화,033-640-5580,,
437,강원,강릉시,강릉문화재야행,기타,07.06.~07.09.,강릉대도호부관아일원,대면,정지원,033-640-5585,,
438,강원,강릉시,제2회 강릉 비치비어페스티벌,기타,07.07.~07.09.,경포해변 중앙광장,대면,김남호,033-640-5130,,
439,강원,강릉시,주문진해변축제,기타,07.08.~08.21.,주문진해수욕장,대면,채유리,033-660-3426,,
440,강원,강릉시,2023 경포 썸머 페스티벌,기타,08.01.~08.04.,경포해변 일원,대면,김남호,033-640-5130,,
441,강원,강릉시,제2회 강릉 와인축제,기타,9월 중,강릉시 일원,대면,주소영,033-640-5578,,
442,강원,강릉시,제15회 강릉 커피축제,문화예술,10.06.~10.09.,강릉시 일원,대면,진윤희,033-640-5112,,
443,강원,강릉시,주문진오징어축제,기타,10.06.~10.09.,주문진항 물량장,대면,채유리,033-660-3426,,
444,강원,강릉시,2023 강릉 누들 축제,특산물,11.10.~11.12.,월화거리,대면,김남호,033-640-5130,,
445,강원,강릉시,2024 해돋이 행사,기타,'23.12.31.~`24.01.01.,"경포해변, 정동진",대면,김남호,033-640-5130,,
446,강원,동해시,2023 부곡동 유천문화축제,주민화합,5월 중,부곡동 수원지 일원,대면,김용운,033-539-8549,,
447,강원,동해시,제2회 묵호도째비페스타,문화관광,7월 중,묵호여객터미널광장일원,대면,조정애,033-539-8417,,
448,강원,동해시,제3회 송정오감막걸리축제, 특산물,9월 중,동해역광장,대면,김태욱,033-539-8528,,
449,강원,동해시,제36회 동해무릉제,문화예술,9월 중,동해웰빙스포츠타운,대면,조정애,033-539-8417,,
450,강원,동해시,"제3회 동해시 평생학습축제
(책문화 축제 병행 운영)",문화예술,10월 중,동해웰빙스포츠타운,대면,이영주,033-530-2471,,
451,강원,동해시,묵호등대 논골담길 축제,문화관광,12월 중,동해시 묵호등대 일원,대면,정명화,033-539-8406,,
452,강원,태백시,제30회 태백산 눈축제,생태자연,01.27.~01.31.,태백산국립공원 일원,대면,고혜윤,033-550-3800,,
453,강원,태백시,제8회 한강 낙동강 발원지 축제,생태자연,7.28.~08.06.,황지연못,대면,고혜윤,033-550-3800,,
454,강원,태백시,제10회 구문소 용축제,전통문화,6월 중,구문소 관광단지 일원,대면,강윤호,033-550-2418,,
455,강원,태백시,제2회 삼수 매봉산 바람개비 축제,기타(주민화합),8월 중,매봉산일원,대면,이익용,033-550-2644,,
456,강원,태백시,제3회 탄탄마을축제,기타(주민화합),9월 중,장성중앙시장 인근,대면,김미래,033-550-3860,,
457,강원,태백시,황지연못 황부자 며느리 축제,"문화예술, 기타",9월 중,황지연못,대면,최혜리,033-550-3935,,
458,강원,태백시,제4회 태백커플축제,기타(주민화합),09.15.~09.17.,통리 태후공원 일원,대면,권태호,033-550-2702,,
459,강원,태백시,제13회 철암단풍축제,생태자연,10.13.~10.15.,철암단풍군락지,대면,정승호,033-550-2608,,
460,강원,속초시,설악벚꽃축제,생태자연,04.08.~04.09.,상도문솔밭,대면,김현정,033-639-2904,,
461,강원,속초시,2023 실향민문화축제,문화예술,6월 초,미정,대면,정진용,033-636-0670,,
462,강원,속초시,2023 속초음식문화제,전통역사,09.22.~09.24.,속초시 관내 일원,대면,권혁민,033-639-2545,,
463,강원,속초시,제58회 설악문화제,문화예술,10.06.~10.08.,엑스포잔디광장 일원,대면,엄유정,033-636-0670,,
464,강원,삼척시,2023 삼척정월대보름제,전통역사,02.03.~02.05.,"엑스포 광장 및 시내 척주로, 삼척해수욕장 일원",혼합형,유경하,033-570-3226,,
465,강원,삼척시,삼척맹방유채꽃축제,문화예술,4월 중,삼척시 맹방해변,대면,김석희,033-570-3375,,
466,강원,삼척시,제11회 두타산 산나물축제,기타(주민화합),05.19.~05.21.,하장면 번천리 산촌체험장,대면,오근호,033-570-3925,,
467,강원,삼척시,삼척 장미축제,생태자연,5월 중,오십천 장미공원 일원,혼합형,김종욱,033-570-3082,,
468,강원,삼척시,삼척비치 썸 페스티벌,문화예술,8월 중,삼척해변,대면,이재원,033-570-3081,,
469,강원,삼척시,삼척동해왕이사부축제,문화예술,10월 중,이사부광장 일원,대면,민소영,033-570-3073,,
470,강원,삼척시,2024 삼척해변카운트다운,문화예술,12월 중,삼척해변,대면,이재원,033-570-3081,,
471,강원,홍천군,제11회 홍천강 꽁꽁축제,생태자연,01.13.~01.24.,홍천강변일원,대면,조운용,033-430-2471,,
472,강원,홍천군,제5회 홍천산나물축제,특산물,4월 말,홍천시내 및 강변 일원,혼합형,김원규,033-430-2672,,
473,강원,홍천군,제27회 홍천찰옥수수축제,특산물,7월 말,홍천시내 및 강변 일원,혼합형,차동훈,033-430-2690,,
474,강원,홍천군,제7회 홍천강 별빛음악 맥주축제,특산물,8월 초,홍천시내 및 강변 일원,혼합형,조운용,033-430-2471,,
475,강원,홍천군,제21회 강원홍천 인삼한우 명품축제,특산물,10월 초,홍천시내 및 강변 일원,혼합형,변희원,033-430-2687,,
476,강원,횡성군,제34회 횡성회다지소리 민속문화제,전통역사,4월 중(2일),정금민속관일원,대면,김나현,033-340-5952,,
477,강원,횡성군,동횡성네덜란드꽃축제,"생태자연,역사,문화예술 등",5월 중(7일),네덜란드 추모공원 일원,대면,김나현,033-340-5952,,
478,강원,횡성군,제12회 둔내고랭지토마토축제,특산물,8월 중(3일),둔내종합체육공원,대면,김나현,033-340-5952,,
479,강원,횡성군,소(牛)맥 프리미엄 페스티벌,기타(체육 등),8월 중(3일),베이스볼파크 일원,대면,김나현,033-340-5952,,
480,강원,횡성군,제10회 횡성더덕축제,특산물,9월 중(3일),농거리축제장,대면,김나현,033-340-5952,,
481,강원,횡성군,제4회 횡성호수길축제,생태자연,9월 중(2일),망향의 동산 일원,대면,김나현,033-340-5952,,
482,강원,횡성군,제15회 안흥찐빵축제,특산물,10월 중(3일),안흥찐빵모락모락마을,대면,김나현,033-340-5952,,
483,강원,횡성군,제19회 횡성한우축제,특산물,10월 중(5일),종합운동장 일원,대면,김나현,033-340-5952,,
484,강원,횡성군,제4회 태종노구문화제,전통역사,10월 중(2일),각림복지회관일원,대면,김나현,033-340-5952,,
485,강원,영월군,단종문화제,전통역사,04.28.~04.30.,"장릉, 동강둔치 외",혼합형,이상윤,033-370-2952,,
486,강원,영월군,동강국제사진제,문화예술,07.01.~09.30.,동강사진박물관,혼합형,정순우,033-370-2457,,
487,강원,영월군,동강뗏목축제,문화예술, 7~8월 중,동강둔치,혼합형,오희영,033-370-2623,,
488,강원,영월군,김삿갓문화제,전통역사,10.06.~10.08.,김삿갓문학관,혼합형,이상윤,033-370-2952,,
489,강원,평창군,계촌클래식축제,문화예술,5월 중,계촌클래식마을 일원,대면,김민재,033-330-2712,,
490,강원,평창군,평창더위사냥축제,생태자연, 7~8월 중,더위사냥캠핑장 일원,대면,김민재,033-330-2712,,
491,강원,평창군,평창농악축제,문화예술,9월 중,전통상설민속공연장 일원,대면,김민재,033-330-2712,,
492,강원,평창군,평창효석문화제,문화예술,9월 중,효석문화마을 일원,대면,심광찬,033-330-2466,,
493,강원,평창군,평창백일홍축제,생태자연,9월 중,평창백일홍축제장,대면,김민재,033-330-2712,,
494,강원,평창군,평창송어축제,특산물,'23.12월~'24.2월 중,진부문화센터 일원,대면,심광찬,033-330-2466,,
495,강원,평창군,대관령눈꽃축제,생태자연,'23.12월~'24.2월 중,대관령눈꽃축제장,대면,심광찬,033-330-2466,,
496,강원,정선군,제17회 정선 동강할미꽃 축제,      생태자연,03.27.~04.07.,정선읍 귤암리 동강할미꽃 서식지 일원,대면,전세현,033-560-2605,,
497,강원,정선군,2023 정선토속음식 축제,기타,04.15.~04.16.,나전역 일원,대면,임성은,033-560-2675,,
498,강원,정선군,제31회 화암약수제, 기타(주민화합 등),04.29.~04.30.,화암시가지일원,대면,신연길,033-560-2795,,
499,강원,정선군,두위봉 철쭉축제,생태자연,6월 중,방제리 단곡계곡,대면,임용혁,033-560-2829,,
500,강원,정선군,사북석탄문화제,문화예술,07.28.~07.30.,사북읍,대면,김효인,033-560-2626,,
501,강원,정선군,제31회 아우라지뗏목축제,문화예술,07.28.~07.30.,아우라지광장,대면,이영재,033-560-2666,,
502,강원,정선군,함백산야생화축제,생태자연,7월 말,고한읍 만항재 일원,대면,황소연,033-560-2304,,
503,강원,정선군,민둥산은빛억새축제,생태자연,09.16.~10.30.,민둥산일원,대면,민지현,033-560-2796,,
504,강원,정선군,제48회 정선아리랑제,문화예술,9~10월 중,정선 공설운동장 일원,대면,임완섭,033-560-2548,,
505,강원,정선군,고성산성문화제,전통역사,10월 말,고성2리 고방정,대면,임용혁,033-560-2829,,
506,강원,철원군,제17회 철원 화강 다슬기축제,생태자연,8월 중(4일),화강 쉬리공원,대면,한진수,033-450-4778,,
507,강원,철원군,철원 DMZ 평화 꽃송이 축제 ,문화예술,9월 중,고석정 꽃밭,대면,이정민,033-450-4659,,
508,강원,철원군,제41회 태봉제,"문화예술,전통역사",10월 중(3일),철원종합운동장,대면,박진샘,033-450-4208,,
509,강원,철원군,철원 오대쌀 축제,특산물,10월 중(3일),한탄강 은하수교 일원,대면,고미경,033-450-4686,,
510,강원,화천군,2023 얼음나라화천 산천어축제,생태자연,01.07.~01.29,화천천일원,대면,이창수,033-440-2543,,
511,강원,화천군,물의나라 화천 쪽배축제 ,생태자연,7월 말~8월 초,사창리일원,대면,이창수,033-440-2543,,
512,강원,화천군,화천토마토축제,특산물,8월 초,붕어섬일원,대면,이다혜,033-440-2912,,
513,강원,양구군,2023 양구 곰취축제,특산물,05.05.~05.07.,레포츠공원,대면,고병열,033-480-7212,,
514,강원,양구군,2023 도솔산지구전투 전승행사,전통역사,06.16.~06.17.,"레포츠공원, 도솔산위령비",대면,고병열,033-480-7212,,
515,강원,양구군,2023 국토정중앙 양구 배꼽축제,문화예술,09.01.~09.03.,레포츠공원,대면,고병열,033-480-7212,,
516,강원,양구군,제38회 양록제,기타,10.12.~10.14.,양구종합운동장,대면,고병열,033-480-7212,,
517,강원,양구군,2023 청춘양구 펀치볼 시래기 사과축제,특산물,10.28.~10.29.,해안면 성황지,대면,고병열,033-480-7212,,
518,강원,인제군,제23회 인제빙어축제,생태자연,01.20.~01.29.,남면 빙어호 일원,대면,김유나,033-460-2082,,
519,강원,인제군,제23회 용대황태축제,특산물,5월 중,북면 용대삼거리 일원,대면,김유나,033-460-2082,,
520,강원,인제군,제5회 인제가을꽃축제,생태자연,10월 중,북면 용대관광지 일원,대면,김유나,033-460-2082,,
521,강원,인제군,제41회 합강문화제,문화예술,10월 중,인제군 일원,대면,이희성,033-4602081,,
522,강원,고성군,2023 삼포해변 서핑축제,기타(관광행사),7월 중(3일),삼포해변,대면,유대경,033-680-3365,,
523,강원,고성군,2023 해안선 레저스포츠 페스티벌,기타(관광행사),8월 중(2일),봉수대해변,대면,유대경,033-680-3365,,
524,강원,고성군,제41회 고성군민의 날 및 수성문화제,기타(주민화합 등),09.21.~09.23.,고성종합운동장 및 부대시설,대면,김성현,033-680-3593,,
525,강원,고성군,제23회 고성통일명태축제,특산물,10.19.~10.22.,거진11리 해변(주차장)일원,혼합형,이승서,033-680-3362,,
526,강원,양양군,정월대보름 달맞이축제,기타(주민화합),02.03.~02.05.,양양 후진항,대면,이나영,033-670-2796,,
527,강원,양양군,아기연어 보내기 체험행사,생태자연,4월 중,양양 남대천,대면,이나영,033-670-2796,,
528,강원,양양군,양양 남대천 은어축제,생태자연,6월 중,양양 남대천,대면,이나영,033-670-2796,,
529,강원,양양군,양양 비치 불꽃 페스티벌,문화예술,7~8월 중,양양 남대천,대면,이나영,033-670-2796,,
530,강원,양양군,양양 월드 클래식 뮤직 페스티벌,문화예술,8월 중,양양 남대천,대면,이나영,033-670-2796,,
531,강원,양양군,양양송이축제,특산물,9~10월 중,양양 남대천,대면,이나영,033-670-2796,,
532,강원,양양군,양양연어축제,생태자연,9~10월 중,양양 남대천,대면,이나영,033-670-2796,,
533,강원,양양군,뚝방꽃길축제,생태자연,10~11월 중,양양 남대천,대면,이나영,033-670-2796,,
534,강원,양양군,해맞이축제,생태자연,'23.12.31.~'24.1.1.,"낙산해변, 동해신묘",대면,이나영,033-670-2796,,
535,충북,-,영춘제,문화예술,04.22.~05.07.,청남대,대면,김찬중,043-220-6411,,
536,충북,청주시,청주읍성축제,전통역사,09.08.~09.10.,중앙공원 및 성안동 일원,대면, 이남옥  ,043-201-2014,,
537,충북,청주시, 청원생명축제 , 특산물 , 10.06.~10.15 , 오창읍 미래지농촌테마공원 ,대면, 김연수 , 043-201-2132 ,,
538,충북,청주시,세종대왕과 초정약수축제,전통역사,10.20.~10.22.,"초정문화공원, 초정행궁 일원",대면,김중호,043-201-1793,,
539,충북,청주시,청남대재즈토닉페스티벌,문화예술,5월중,청남대,대면,김다행,043-201-2013,,
540,충북,충주시,2023 충주호수축제,기타(주민화합 등),6월중,탄금호 국제조정경기장,대면,권용수,043-850-6721,,
541,충북,충주시,제39회 수안보온천제,기타(주민화합 등),4월중,수안보 물탕공원 일원,대면,권용수,043-850-6721,,
542,충북,충주시,제51회 우륵문화제,문화예술,9월중,미정,대면,김중란,043-850-5964,,
543,충북,충주시,2023충주씨브랜드페스티벌,특산물,10월중,충주 탄금공원,혼합형,이래관,043-850-5721,,
544,충북,제천시,의림지 농경문화 예술제,생태자연,10.12.~10.14.,의림지일원,대면,김석환,043-641-6702,,
545,충북,제천시,슬로시티수산 힐링 축제,생태자연,09.21..~09.23.,옥순봉생태공원,대면,이지훈,043-641-6705,,
546,충북,제천시,제27회 청풍호 벚꽃축제,생태자연,4월중,청풍일원,대면,박미소,043-641-5516,,
547,충북,제천시,제19회 제천국제음악영화제,문화예술,8월중,제천시 일원,대면,장병인,043-641-5502,,
548,충북,보은군,2023 속리산 신화여행 축제,전통역사,5월~6월,"속리산잔디공원,법주사",대면,김지영,043-540-3372,,
549,충북,보은군, 2023 보은대추축제,특산물,10.13.~10.22.,뱃들공원 일원,대면,정인순,043-540-3392,,
550,충북,옥천군,제36회 지용제,문화예술,9월중,옥천군 일원,대면,이호재,043-730-3403,,
551,충북,옥천군,제21회 옥천묘목축제,특산물,03.31.~04.02.,옥천묘목공원,대면,이용희,043-730-3593,,
552,충북,옥천군,제14회 옥천참옻축제,특산물,04.29.~04.30.,옥천향수공원,대면,최진솔,043-730-3594,,
553,충북,옥천군,제15회 향수옥천 포도복숭아축제,특산물,07.28.~07.30.,옥천공설운동장 일원,대면,이주화,043-730-3262,,
554,충북,옥천군,제1회 향수옥천 유채꽃축제,생태자연,04.15.~05.10.(예정),옥천 금강수변 친수공원 일원,대면,이주화,043-730-3262,,
555,충북,영동군,2023 영동곶감축제,특산물,01.06~01.08.,영동체육관,혼합형,안치국,043-740-3214,,
556,충북,영동군,2023 영동포도축제,특산물,8월중,레인보우힐링관광지,대면,안치국,043-740-3214,,
557,충북,영동군,제54회 난계국악축제,문화예술,10월중,레인보우힐링관광지,대면,안치국,043-740-3214,,
558,충북,영동군,제12회 대한민국와인축제,특산물,10월중,레인보우힐링관광지,대면,안치국,043-740-3214,,
559,충북,증평군,증평인삼골축제,특산물,10월 중,증평보강천체육공원 일원,대면,박종문,043-835-4112,,
560,충북,증평군,증평들노래축제,전통역사,6월중,증평민속체험박물관일원,대면,심소라,043-835-4153,,
561,충북,진천군,제23회 생거진천 농다리축제,전통역사,5월중,진천군 문백면 농다리 일원,대면,오혜진,043-539-3603,,
562,충북,진천군,제44회 생거진천 문화축제,문화예술,10월중,진천군 진천읍 백곡천 일원,대면,오혜진,043-539-3603,,
563,충북,괴산군,괴산고추축제,특산물,9월초,유기농엑스포광장,대면,민헤만,043-830-3462,,
564,충북,괴산군,괴산김장축제,특산물,11월초,유기농엑스포광장,대면,고연하,043-830-3464,,
565,충북,음성군,제24회 음성품바축제,문화예술,05.17.~05.21.,설성공원,대면,황정연,043-871-3402,,
566,충북,음성군,제42회 설성문화제,전통역사,9월중,설성공원,대면,황정연,043-871-3402,,
567,충북,음성군,2023 음성명작페스티벌,특산물,10월중,금빛근린공원,대면,최용환,043-871-3692,,
568,충북,단양군,제39회 단양 소백산철쭉제,기타(주민,05.31.~06.05.,상상의거리,대면,류정훈,043-420-2552,,
569,충북,단양군,제25회 단양 온달문화축제,문화예술,10.06.~10.09.,온달관광지,대면,류정훈,043-420-2552,,
570,충남,천안시,제8회 천안위례벚꽃축제,생태자연,4월중,은석초 및 병천천 일원,대면,이항희,041-521-4721,,
571,충남,천안시,입장거봉포도축제,특산물,9월중,입장거봉포도휴게소,대면,우혜정,041-521-6847,,
572,충남,천안시,천안흥타령춤축제 2023,문화관광,10.05.~10.09.,천안종합운동장일원,대면,김병선,041-521-5173,,
573,충남,공주시,겨울공주 군밤축제,특산물,01.06.~01.08.,아트센터 고마,대면,김현오,041-840-2056,,
574,충남,공주시,계룡산 벚꽃축제,생태자연,03.25.~04.02.,동학사 일원,대면,김라이,041-840-8093,,
575,충남,공주시,갑사황매화축제,생태자연,04.15.~04.16.,갑사 일원,대면,김라이,041-840-8093,,
576,충남,공주시,계룡산산신제,전통역사,04.22.~04.23.,신원사 일원,대면,김라이,041-840-8093,,
577,충남,공주시,공주 석장리 구석기축제,전통역사,05.05.~05.07.,석장리박물관,대면,현은경,041-840-8069,,
578,충남,공주시,마곡사 신록축제,문화예술,05.06.~05.07.,마곡사 일원,대면,김현오,041-840-2056,,
579,충남,공주시,유구색동수국정원 꽃축제,생태자연,06.23.~06.25.,유구천,대면,차태진,041-840-8111,,
580,충남,공주시,2023 대백제전,전통역사,09.23.~10.09.,금강신관공원 일원,대면,신승현,041-840-8112,,
581,충남,공주시,공주항공축제,문화관광,10.07.~10.08.,공주경비행장,대면,김현오,041-840-2056,,
582,충남,공주시,구절산 구절초 축제,생태자연,10.14.~10.15.,구룡사 일원,대면,김라이,041-840-8093,,
583,충남,보령시,무창포 주꾸미 도다리 축제,특산물,3월~4월,무창포항일원,대면,이재언,041-930-6761,,
584,충남,보령시,제17회 주산봄꽃축제,생태자연,4월중,주산면 화산천 일원,대면,이진,041-930-4773,,
585,충남,보령시,대천항수산물축제,특산물,5월중,대천항일원,대면,이재언,041-930-6761,,
586,충남,보령시,오천항키조개축제,특산물,5월중,오천항일원,대면,이재언,041-930-6761,,
587,충남,보령시,대천해수욕장 조개구이 축제,특산물,05.27.~05.29.,대천해수욕장,대면,김현종,041-930-6563,,
588,충남,보령시,제2회 보령AMC모터페스티벌,문화관광,05.27.~05.29.,대천해수욕장,대면,박유경,041-930-6561,,
589,충남,보령시,제26회 보령머드축제,문화관광,07.21.~08.06.,대천해수욕장,대면,박유경,041-930-6561,,
590,충남,보령시,원산도 한여름밤의 별빛 콘서트,문화예술,8월중,원산도 해수욕장 광장,대면,차성환,041-930-6856,,
591,충남,보령시,무창포 대하전어축제,특산물,9월중,무창포해수욕장,대면,서민지,041-930-6562,,
592,충남,보령시,보령예술제,문화예술,9월중,보령문화의전당,대면,김가영,041-930-3412,,
593,충남,보령시,무창포 신비의 바닷길 축제,문화관광,10월중,무창포해수욕장,대면,서민지,041-930-6562,,
594,충남,보령시,제2회 원산도·효자도 머드 붕장어축제,특산물,10월중,원산도내,대면,차성환,041-930-6856,,
595,충남,보령시,청라은행마을축제,농촌문화,10.28.~10.29.,장현1리은행마을,대면,정은효,041-930-4704,,
596,충남,보령시,제20회 성주산 단풍축제,생태자연,10월~11월중,성주산일원,대면,최솔비,041-930-4849,,
597,충남,보령시,제15회 온새미로 축제,농촌문화,11.02.~11.04.,천북면 신죽리 수목원,대면,강한솔,041-930-7981,,
598,충남,보령시,보령 김축제,특산물,11월중,대천해수욕장 머드광장,대면,이재언,041-930-6761,,
599,충남,보령시,천북 굴축제,특산물,11월중,천수만테마파크,대면,이재언,041-930-6761,,
600,충남,보령시,대천겨울바다사랑축제,문화관광,12.23.~12.25.,대천해수욕장,대면,박유경,041-930-6561,,
601,충남,아산시,아산 성웅 이순신 축제,전통역사,4.28.~4.30.,곡교천 등,대면,김현수,041-540-2140,,
602,충남,아산시,신정호 아트밸리 별빛음악제,공연예술,8.25.~8.27.,신정호,대면,김현수,041-540-2140,,
603,충남,아산시,설화예술제,문화예술,10.7.~10.9.,신정호,대면,김현수,041-540-2140,,
604,충남,아산시,짚풀문화제,전통역사,10.20.~10.22.,외암마을,대면,김현수,041-540-2140,,
605,충남,서산시,왕산포갯마을축제,특산물,4월중,왕산항 일원,대면,윤종두,041-660-2647,,
606,충남,서산시,제4회 해미벚꽃축제,생태자연,04.15.~04.16.,해미천일원,대면,배동주,,,
607,충남,서산시,제15회 류방택 별축제,역사과학,5월중,서산류방택천문기상과학관,대면,조항현,041-661-8009,,
608,충남,서산시,제22회 팔봉산감자축제,특산물,6월중,팔봉산 양길리 주차장,대면,김지운,041-660-3068,,
609,충남,서산시,제14회 서산6쪽마늘축제,특산물,7월중,해미읍성,대면,김지운,041-660-3068,,
610,충남,서산시,삼길포우럭축제,특산물,7월중,삼길포항 일원,대면,윤종두,041-660-2647,,
611,충남,서산시,서산뻘낙지먹물축제,특산물,10월중,중리포구 일원,대면,윤종두,041-660-2647,,
612,충남,서산시,간월도어리굴젓축제,특산물,10월중,간월도항 일원,대면,윤종두,041-660-2647,,
613,충남,서산시,제20회 서산해미읍성축제,전통역사,10월중,서산 해미읍성,대면,김현주,041-660-3396,,
614,충남,서산시,제24회 서산국화축제,생태자연,11월중,고북면 복남골길 31-1 일원,대면,권진현,,,
615,충남,논산시,논산딸기축제,특산물,3.08.~3.12.,논산시민운동장,대면 ,장창순,041-730-2973,,
616,충남,논산시,해바라기축제,특산물,6월중,논산시 채운면 일원,대면,정기석,,,
617,충남,논산시,콩밭열무축제,특산물,8월중,논산시 채운면 일원,대면,김시환,,,
618,충남,논산시,연산대추축제,특산물,10월중,연산전통시장일원,대면,이현아,041-746-8742,,
619,충남,논산시,강경젓갈축제,특산물,10월중,강경 금강둔치 일원,대면,권우진,041-746-5663,,
620,충남,논산시,양촌곶감축제,특산물,12월중,"양촌면
체육공원",대면,유솔현,041-746-8795,,
621,충남,계룡시,2023계룡군문화축제,문화관광,10월중,계룡대 활주로,대면,서유나,042-840-2632,,
622,충남,당진시,제24회 장고항실치축제,특산물,04.10.~04.30.,장고항,대면,김수강,041-350-4274,,
623,충남,당진시,기지시줄다리기민속축제,전통역사,04.19.~04.23.,기지시줄다리기박물관,대면,고대영,041-350-3606,,
624,충남,당진시,제23회 면천진달래민속축제,전통역사,4월중,면천읍성,대면,김경선,041-360-8355,,
625,충남,당진시,제19회 순성매화벚꽃축제,생태자연,4월중,갈산리 일원,대면,한주연,041-360-8406,,
626,충남,당진시,제19회 한진포구바지락갯벌체험축제,특산물,05.01.~05.31.,한진포구,대면,김수강,041-350-4274,,
627,충남,당진시,제15회 순성왕매실&당진맥주축제,문화관광,6월중,순성왕매실영농조합 내 광장,대면,한주연,041-360-8406,,
628,충남,당진시,제7회 합덕제연호문화축제,전통역사,07.08.~07.16.,합덕제 일원,대면,이상식,041-350-4931,,
629,충남,당진시,심훈상록문화제,문화제,9월중,문예의전당 일원,대면,이동형,041-350-3572,,
630,충남,당진시,제16회 삽교호조개구이축제,특산물,10월중,삽교호관광지,대면,김윤희,041-350-3593,,
631,충남,당진시,제33회 남이흥장군문화제,문화제,10월중,충장사,대면,진용찬,041-350-3581,,
632,충남,당진시,제23회 왜목마을해넘이해맞이축제,문화관광,12.31.~01.01.,왜목마을,대면,권창중,041-350-3591,,
633,충남,금산군,2023년 비단고을 산꽃축제,생태자연,4월중,산꽃벚꽃오토캠핑장(보곡산골),대면,이두영,041-750-2252,,
634,충남,금산군,제13회 금산천 봄꽃축제,생태자연,4월중,금산읍 금산천 둔치,대면,이두영,041-750-2252,,
635,충남,금산군,제13회 남일면 홍도화축제,생태자연,4월중,남일면 신정리 홍도마을,대면,이두영,041-750-2252,,
636,충남,금산군,제3회 금산삼계탕축제,특산물,07.07.~07.09.,금산인삼관 광장 및 인삼약초거리일원,대면,이두영,041-750-2252,,
637,충남,금산군,재41회 금산세계인삼축제,특산물,09.30.~10.09.,금산인삼관 광장 및 인삼약초거리일원,대면,이두영,041-750-2252,,
638,충남,부여군,2023 부여세도 방울토마토&유채꽃 축제,생태자연,04.21~04.23,세도면 금강 황산대교 일원,대면,신태섭,041-830-6723,,
639,충남,부여군,옥녀봉 진달래꽃 십리길 축제(미정),생태자연,4월중,옥산면 옥녀봉 일원,대면,김진철,041-830-6545,,
640,충남,부여군,내산벚꽃축제(미정),생태자연,4월중,(미정),대면,안예은,041-830-6455,,
641,충남,부여군,제5회 봄나들이 축제,문화예술,5월중,부소산,대면,김은영,041-830-2823,,
642,충남,부여군,제21회 부여서동연꽃축제,문화예술,7월중,궁남지,대면,장달희,041-830-2209,,
643,충남,부여군,2023 대백제전,전통역사,09.23.~10.09,부여 구드래 일원,대면,최영남,041-830-2208,,
644,충남,부여군,2023년 제18회 부여 굿뜨래 알밤축제,특산물,10.02.~11.30.,온라인 축제,비대면,김유진,041-830-2434,,
645,충남,부여군,제20회 백제고도부여국화축제,생태자연,10~11월중,(미정),대면,박진영,041-830-2591,,
646,충남,서천군,서천 동백꽃 주꾸미 축제,특산물,03.18.~04.02.,마량진항 일원,대면,안기헌,041-950-4016,,
647,충남,서천군,서천 자연산 광어 도미 축제,특산물,5월중,마량진항 일원,대면,안기헌,041-950-4016,,
648,충남,서천군,장항항 꼴갑축제,특산물,5월중,장항 물양장 일원,대면,조영은,041-950-6305,,
649,충남,서천군,한산모시문화제,특산물,6. 9.~6. 11.,한산모시관 일원,대면,이아림,041-950-4256,,
650,충남,서천군,장항 송림숲 맥문동 축제,생태자연,8월중,장항 송림 살림욕장,대면,서지영,041-950-6863,,
651,충남,서천군,홍원항 자연산 전어 꽃게 축제,특산물,9월중,홍원항 일원,대면,안기헌,041-950-4016,,
652,충남,청양군,제22회 칠갑문화제,일반축제,04.01.~04.30.,지천백세공원,대면,전대현,041-940-2193,,
653,충남,청양군,제24회 청양고추구기자축제,특산물,09.08~09.10.,청양백세건강공원,대면,이기석,041-940-2302,,
654,충남,청양군,제24회 칠갑산 장승문화축제,전통역사,10월중,칠갑산장승공원일대,대면,전대현,041-940-2193,,
655,충남,홍성군,홍성남당항새조개축제,특산물,01.14.~01.31.,남당항,대면,박소영,041-630-1237,,
656,충남,홍성군,홍성역사인물축제,전통역사,05.05.~05.06.,홍주읍성,대면,심영석,041-634-8706,,
657,충남,홍성군,홍성남당항대하축제,특산물,9월중,남당항,대면,박소영,041-630-1237,,
658,충남,홍성군,광천토굴새우젓축제,특산물,10월중,광천전통시장,대면,박소영,041-630-1237,,
659,충남,홍성군,홍성한우바비큐페스티벌,특산물,10.20.~10.22.,홍주읍성,대면,박영규,041-634-8707,,
660,충남,홍성군,광천김축제,특산물,12.01~12.31.,광천전통시장,대면,박소영,041-630-1237,,
661,충남,예산군,제50회 윤봉길 평화축제,역사인물,4월~5월중,덕산면 충의사일원,대면,정서현,041-339-7317,,
662,충남,예산군,예산황새축제,생태자연,9월중,예산황새공원,대면,최순상,041-339-7338,,
663,충남,예산군,제7회 예산장터삼국축제,생태자연,10.20.~10.26.,예산전통시장내 백종원국밥거리일원,대면,정서현,041-339-7317,,
664,충남,예산군,제20회 예산황토사과축제,특산물,11월중,예산역전시장내 주차창일원,대면,정서현,041-339-7317,,
665,충남,예산군,2023 의좋은형제축제,전통역사,11월중,대흥면 의좋은형제공원,대면,이승민,041-339-7318,,
666,충남,태안군,제11회 몽산포항 주꾸미축제,특산물,4월중,몽산포항,대면,안숙주,041-670-2875,,
667,충남,태안군,제19회 태안 국제 모래조각 페스티벌,생태자연,5~6월중,미정,대면,한재식,041-670-2691,,
668,충남,태안군,2023년 태안거리축제,문화관광,10월중,태안읍 중앙로 일원,대면,최다혜,041-670-2841,,
669,충남,태안군,2023 태안국화축제,생태자연,10.27~11.05,옥파 이종일선생 생가지,대면,이중한,041-670-5061,,
670,충남,태안군,2023년 대한민국 사구축제,생태자연,11월중,해안사구일원,대면,홍영선,041-670-5936,,
671,전북,-,전주세계소리축제,문화예술,9월 중,한국소리문화전당,대면,조경진,063280-3312,,
672,전북,전주시,전주국제영화제,문화예술,4.27.~5.6.,영화의거리일원,혼합형,박주영,063-281-2074,,
673,전북,전주시,전주 단오,전통역사,6.22.~6.24.,덕진공원 일원,혼합형,고가영,063-281-2532,,
674,전북,전주시,전주얼티밋뮤직페스티벌,문화예술,8.4.~8.6.(예정),전주종합경기장,혼합형,김경수,063-281-2682,,
675,전북,전주시,전주비빔밥축제,특산물,10.6~10.9,한옥마을일원,대면,변문선,063-281-2382,,
676,전북,전주시,얼굴없는천사 축제,전통역사,10.3~10.4,노송동 천사공원,혼합형,김성호,063-281-2497,,
677,전북,군산시,2023 어촌체험 섬마을 작은 축제,기타(어촌마을 홍보),미정,고군산군도 일대,대면,이다미,063-454-2893,,
678,전북,군산시,제18회 꽁당보리축제,특산물,05.04~05.07,미성동,대면,김형신,063-454-5231,,
679,전북,군산시,군산 수제맥주 & 블루스 페스티벌,"문화예술
특산물",6~9월 중,내항 및 째보선창 일원,대면,이선우,063-454-5252,,
680,전북,군산시,제6회 우체통거리 손편지축제,기타(주민화합 등),09.08~09.09,"우체통거리1길,2길",대면,정민주,063-454-4478,,
681,전북,군산시,제55회 진포예술제,문화예술,10.01~10.05,예술의전당 등,대면,이승범,063-454-3282,,
682,전북,군산시,제11회 군산시간여행축제,"전통역사
문화예술",10월 중,"시간여행마을권역
구시청광장",혼합형,이진규,063-454-3304,,
683,전북,군산시,제3회 짬뽕페스티벌,기타,10.08~10.09,짬뽕특화거리,대면,전세미,063-454-3414,,
684,전북,익산시,2023 익산서동축제,문화예술,10월 중,금마면 서동공원,대면,유영일,063-859-5826,,
685,전북,익산시,제20회 익산 천만송이 국화축제,생태자연,10월 중,중앙체육공원,대면,노은희,063-859-4977,,
686,전북,익산시,두동편백마을 힐링숲축제,생태자연,11.03~11.04,성당면 두동편백마을,대면,유영일,063-859-5826,,
687,전북,정읍시,정읍 내장산 얼음축제,기타,01.13~01.17,내장산 워터파크,대면,정건의,063-539-5236,,
688,전북,정읍시,정읍 벚꽃축제,생태자연,4월초(5일간),하천,대면,정건의,063-539-5236,,
689,전북,정읍시,정읍 물빛축제,기타,8월 중,하천,대면,정건의,063-539-5236,,
690,전북,정읍시,정읍 구절초 꽃축제,생태자연,10.05~10.15,공원,대면,송대효,063-539-5697,,
691,전북,정읍시,솔티모시 달빛축제,생태자연,10월초(2일),솔티마을,대면,정건의,063-539-5236,,
692,전북,남원시,제93회 춘향제,문화예술,5.24~5.28,광한루원 및 요천로 일원,대면,윤완상,063-620-6170,,
693,전북,남원시,제31회 흥부제,문화예술,10.27~10.29,"사랑의 광장,인월면",대면,윤완상,063-620-6170,,
694,전북,남원시,지리산 뱀사골 고로쇠 약수제,생태자연,2월 중,산내면 부운리 반선추차장,대면,이정숙,063-620-6168,,
695,전북,남원시,지리산바래봉 눈꽃축제,생태자연,1월~2월 중,운봉읍 용산리 268-6,대면,이정숙,063-620-6168,,
696,전북,남원시,지리산 바래봉 철쭉제,생태자연,4월말~5월초(30일정도),운봉읍 용산리 268-6,대면,이정숙,063-620-6168,,
697,전북,남원시,봉화산 철쭉제,생태자연,4~5월,아영면 봉화산 일원,대면,이정숙,063-620-6168,,
698,전북,남원시,지리산 뱀사골 단풍제,생태자연,10월 중(1일간),지리산국립공원분소 내,대면,이정숙,063-620-6168,,
699,전북,남원시,혼불문학 신행길 축제,문화예술,10월 중(2일간),구)서도역 일원,대면,이정숙,063-620-6168,,
700,전북,남원시, 남원 막걸리축제,지역특산물,9월중(2일간),요천둔치,대면,윤완상,063-620-6170,,
701,전북,남원시,남원요천 벚꽃축제,생태자연,4월중(2일간),요천둔치,대면,윤완상,063-620-6171,,
702,전북,남원시,남원요천 물놀이축제,생태자연,7~8월(30일간),요천둔치,대면,윤완상,063-620-6172,,
703,전북,남원시,요천미디어아트 빛축제,문화예술,10월(30일간),요천둔치,대면,윤완상,063-620-6173,,
704,전북,남원시,동동동화축제,"생태자연, 기타",12월 (14일간),남원예촌일원,대면,윤완상,063-620-6174,,
705,전북,김제시,김제지평선축제,문화예술,10.05.~10.09.,김제시 일원(벽골제 중심),대면,이성하,063-540-3190,,
706,전북,김제시,김제모악산축제,문화예술,04.28.~04.30.,모악산일원,대면,문희,063-540-3188,,
707,전북,김제시,지평선추억의 보리밭 축제,"생태자연, 특산물",05.05~05.07.,"새만금 6공구 내 원예단지, 토끼섬 일원",대면,최민아,063-540-4790,,
708,전북,김제시,지평선광활햇감자축제,특산물,04.15~04.16.(예정),광활초등학교 일원,대면,유영주,063-540-4883,,
709,전북,김제시,2023 꽃빛드리 축제,문화예술,04.07.~04.09.(예정),김제시민문화 체육공원 일원,대면,김경미,063-540-3224,,
710,전북,완주군,W윈터푸드축제,문화예술,12.23~12.24,W푸드테라피센터,대면,김승훈,063-290-2829,,
711,전북,완주군,완주 삼례딸기 축제,특산물,03.17~03.19,삼례농협 인근 공영주차장,대면,이경희,063-290-3321,,
712,전북,완주군,제11회 와일드&로컬푸드축제,특산물,9~10월 중,완주군일원,혼합형,정수진,063-290-3976,,
713,전북,완주군,제6회 오성한옥마을 오픈가든축제,기타(주민화합),5월 중,소양오성한옥마을,대면,김경주,063-290-3978,,
714,전북,완주군,제9회 곶감축제,특산물,12월 중,운주면,대면,이은화,063-290-2757,,
715,전북,완주군,제1회 완주 대둔산축제,기타(주민화합),5~6월 중,완주군일원,대면,강규리,063-290-3977,,
716,전북,완주군,(가칭)제1회 완주 모악산축제,기타(주민화합),4~5월 중,완주군일원,대면,김경주,063-290-3978,,
717,전북,진안군,제19회 진안고원 운장산 고로쇠축제,특산물,03.11~03.12,주천면 대불리 운일암반일암 삼거광장 일원,대면,김영,063-430-2392,,
718,전북,진안군,제13회 진안고원 수박축제,특산물,07.29~07.30,동향면 체련공원 일원,대면,송유섭,063-430-2393,,
719,전북,진안군,2023 진안홍삼축제,특산물,10.07~10.09,마이산 북부 일원,대면,김영,063-430-2392,,
720,전북,진안군,제5회 가족공동체 김장문화축제,특산물,11.17~11.19,진안고원시장 일원,대면,송유섭,063-430-2393,,
721,전북,진안군,2023 마이산 겨울동화축제,기타(주민화합),12.23~12.25,마이산 북부 일원,대면,송유섭,063-430-2393,,
722,전북,무주군,제27회 무주반딧불축제,생태자연,09.02~09.10,무주군일원,대면,정경재,063-320-2537,,
723,전북,무주군,무주산골영화제,문화예술,06.02~06.06,"등나무운동장일원,
덕유산국립공원대집회장",대면,김성옥,063-320-2541,,
724,전북,무주군,안성두문낙화놀이축제,전통역사,08.04.~08.05.,무주군 안성면 두문마을,대면,정경재,063-320-2537,,
725,전북,무주군,통안마을'나비야놀자'축제,생태자연,06.16~06.25.,무주군 안성면 통안마을,대면,정경재,063-320-2537,,
726,전북,무주군,무주꽁꽁놀이축제,기타(주민화합),2023.12..30~2024.01.28.,무주군 적상면 초리마을,대면,정경재,063-320-2537,,
727,전북,무주군,고로쇠축제,기타(주민화합),2월말~3월초,무주군 설천면 구천동,대면,김민지,063-320-2413,,
728,전북,장수군,제17회 장수 한우랑 사과랑 축제,특산물,09.14~09.17,의암공원 및 누리파크 일원,대면,안수길,063-350-2357,,
729,전북,장수군,계곡과 함께하는 한여름 예술문화축제(가칭),생태자연,7~8월 중,방화동 일원,대면,조혜정,063-350-2356,,
730,전북,장수군,제7회 번암물빛축제,생태자연,07.29~07.30,번암물빛공원,대면,기영옥,063-350-2358,,
731,전북,장수군,제4회 산서희망무지개축제,주민화합,09.02~09.03,산서체육공원,대면,기영옥,063-350-2359,,
732,전북,장수군,제1회 계북수박&토마토축제,특산물,07.29~07.30.,계북면,대면,기영옥,063-350-2360,,
733,전북,임실군,임실N치즈축제,특산물,10.06~10.09,"임실치즈테마파크,
임실치즈마을,임실읍일원",혼합형,황의숙,063-640-2523,,
734,전북,임실군,아쿠아페스티벌,기타(주민화합),7~8월 중,임실치츠테마파크,대면,전다영,063-640-2343,,
735,전북,임실군,산타축제,기타(주민화합),12.23~12.25,임실치즈테마파크,대면,전다영,063-640-2343,,
736,전북,임실군,의견문화제,문화예술,050.5~05.07,오수의견공원 및 의견관광지 일원,대면,양현선,063-640-2313,,
737,전북,임실군,필봉마을굿축제,문화예술,08.12~08.14,필봉농악 전수교육관,대면,양현선,063-640-2313,,
738,전북,임실군,사선문화제,문화예술,09.22~09.24,관촌사선대,대면,양현선,063-640-2313,,
739,전북,임실군,옥정호벚꽃축제,기타(주민화합),04.08~04.09,운암 요산공원 일원,대면,양현선,063-640-2313,,
740,전북,순창군,제20회 옥천골벚꽃축제,생태자연,4월 중,순창경천,대면,강하라,063-650-1624,,
741,전북,순창군,제4회 슬로슬로 발효마을 축제,특산물,05.05~05.07,적성면 지내마을,대면,강하라,063-650-1624,,
742,전북,순창군,제18회 순창장류축제,특산물,10.13.~10.15,순창발효테마파크,대면,강하라,063-650-1624,,
743,전북,고창군,고창 청보리밭축제,생태자연,04.22~05.14,학원농장,대면,정우영,063-560-2523,,
744,전북,고창군,고창 복분자와수박축제,특산물,06.16~06.18,"선운산
도립공원",혼합형,박종표,063-560-2531,,
745,전북,고창군,고창 갯벌축제 ,생태자연,6월 중,심원만돌일원,대면,한주희,063-560-2632,,
746,전북,고창군,고창 바지락축제,특산물,05.05~05.07,"심원면
하전리 일원",대면,김진현,063-560-2733,,
747,전북,고창군,고창 해풍고추축제,특산물,8월 중,해리면일원,대면,,,,
748,전북,고창군,고창 모양성제,전통역사,10.19~10.23(예정),고창읍성일원,대면,현선희,063-560-2949,,
749,전북,부안군,상서개암동벚꽃축제,생태자연,04.08~04.09,개암제,대면,최종열,063-580-3703,,
750,전북,부안군,부안마실축제,문화예술,05.04-05.06,매창공원,대면,이태영,063-580-4775,,
751,전북,부안군,"제2회 바이썬비치파티
(변산바다로페스티벌)",문화예술,08.04~08.06,변산해수욕장,대면,고나영,063-580-4739,,
752,전북,부안군,님의뽕축제,전통역사,7~8월 중,부안댐,대면,김재현,063-580-3854,,
753,전북,부안군,부안노을축제,생태자연      ,10월 중,변산해수욕장,대면,이태영,063-580-4775,,
754,전북,부안군,곰소젓갈발효축제,특산물,10월 중,곰소젓갈발효센터,대면,김선옥,063-580-4489,,
755,전북,부안군,부안가을愛국화축제,생태자연,10.27~11.05,미정,대면,조효진,063-580-3841,,
756,전북,부안군,부안설숭어축제,특산물,12월 중,상설시장일원,대면,이민용,063-580-4118,,
757,전북,부안군,위도호박축제,특산물,10월중,위도해수욕장,대면,이태영,063-580-4775,,
758,전북,부안군,변산 해넘이축제,문화예술,12.30~01.01,변산해수욕장,대면,고나영,063-580-4739,,
759,전남,-,2023 명량대첩축제,전통역사,09.08.~09.10.,진도~해남 울돌목일원,대면,조장군,061-286-5261,,
760,전남,-,2023 국제남도음식문화큰잔치,특산물,10.06.~10.8.,여수세계박람회장,대면,이태희,061-286-5771,,
761,전남,목포시,2023 유달산 봄축제,생태자연,4.8.~4.9.,유달산 및 근대역사거리 일원,대면,유미리,061-270-8432,,
762,전남,목포시,2023 목포항구축제,생태자연,10.20.~10.22.,목포항 및 삼학도 일원,대면,최양인,061-270-8431,,
763,전남,여수시,제31회 여수영취산진달래체험행사,생태자연,3월 중,영취산 일원,혼합형,김지훈,061-659-4744,,
764,전남,여수시,2022 여수밤바다 불꽃축제,문화예술,4월 중,이순신광장 및 장군도 앞 해상,혼합형,최수지,061-659-4742,,
765,전남,여수시,제56회 여수거북선축제,전통역사,5. 5. ~ 5. 7.,종포해양공원 일원,혼합형,김나나,061-659-4743,,
766,전남,여수시,제20회 거문도백도 은빛바다 체험행사,기타(주민화합),8월 중,거문도 일원,혼합형,김나나,061-659-4743,,
767,전남,여수시,여수여자만갯벌노을체험행사,생태자연,9월 중,소라면 장척마을 일원,혼합형,김지훈,061-659-4744,,
768,전남,여수시,여수동동북축제,전통역사,10. 21. ~ 10. 22.,"용기공원, 선소 일원",혼합형,김나나,061-659-4743,,
769,전남,여수시,제27회 여수향일암일출제,생태자연,23. 12. 31. ~ 24. 1. 1.,돌산 임포마을 향일암 일원,혼합형,김나나,061-659-4743,,
770,전남,순천시,제7회 순천푸드앤아트페스티벌,문화예술,9월경,원도심 일원,대면,정경원,061-749-5795,,
771,전남,나주시,제7회 대한민국 마한문화제,문화예술,10월중,국립나주박물관 일원,대면,손서린,061-339-8722,,
772,전남,나주시,제19회 영산포 홍어축제,특산물,4월중,영산강 둔치 체육공원 일원,대면,이윤혁,061-339-8723,,
773,전남,나주시,제3회 천년나주목읍성문화축제,문화예술,5월중,금성관 및 나주향교 일원,대면,이윤혁,061-339-8723,,
774,전남,광양시,광양매화축제,생태자연,3월중(9~10일),매화마을 일원,대면,박세호,061-797-2721,,
775,전남,광양시,광양동백축제,생태자연,3월중(3일),옥룡면 일원,대면,박세호,061-797-2721,,
776,전남,광양시,백운산국사봉철쭉축제,생태자연,4월중(3일),옥곡면 일원,대면,박세호,061-797-2721,,
777,전남,광양시,(가칭)광양2022 K-POP 슈퍼 페스티벌,문화예술,5월중(3일),중마동 일원,혼합형,김인선,061-797-3714,,
778,전남,광양시, 광양전어축제,특산물,8월중(3일),진월면 일원,대면,박세호,061-797-2721,,
779,전남,광양시,광양전통숯불구이축제,특산물,10월중(3~4일),광양읍 서천변 일원,대면,박세호,061-797-2721,,
780,전남,담양군,2023 뱀부페스티벌,생태자연,5.3.~5.7(6일),"죽녹원, 관방제림",대면,김상아,061-380-3152,,
781,전남,담양군,용면 추월산 벚꽃축제,생태자연,4월초(2일),추월산 광장,대면,김상아,061-380-3153,,
782,전남,담양군,한여름밤의 별빛달빛축제,문화예술,8월말(3일),야외음악당 일원,대면,김상아,061-380-3154,,
783,전남,담양군,고서포도축제,특산물,8월중(3일),증암천 일원,대면,김상아,061-380-3155,,
784,전남,담양군,담양산타축제,문화예술,12월중(10일),메타프로방스,대면,김상아,061-380-3156,,
785,전남,곡성군,제13회 곡성세계장미축제,생태자연,5.20.~5.29.,섬진강기차마을,대면,정지영,061-360-8471,,
786,전남,곡성군,2023 곡성아이스크림페스티벌,주민화합,7.14.~7.16.,레저문화센터,대면,정지영,061-360-8471,,
787,전남,곡성군,제23회 곡성심청어린이대축제,문화예술,10.6.~10.9.,섬진강기차마을,대면,정지영,061-360-8471,,
788,전남,구례군,제24회 구례산수유꽃축제,생태자연,3.11.~3.19.,산동면 일원,대면,이동현,061-780-2390,,
789,전남,구례군,구례300리 벚꽃축제,생태자연,3.31.~4.2.,"구례읍, 문척면 일원",대면,박진철,061-780-2255,,
790,전남,구례군,제79회 지리산남악제 및 42회 군민의 날 행사,전통역사,4.20.~4.22.예정,구례군 일원,대면,정선주,061-780-2431,,
791,전남,구례군,구례자연드림 뮤직페스티벌,문화예술,8.19.~8.20.예정,구례자연드림파크,대면,이동현,061-780-2390,,
792,전남,구례군,화엄음악제,문화예술,10.6.~10.8.예정,화엄사 일원,대면,정선주,061-780-2431,,
793,전남,구례군,2023 구례동편소리축제,문화예술,10.13.~10.15.예정,서시천체육공원일원,대면,정선주,061-780-2431,,
794,전남,구례군,제47회 지리산피아골단풍 축제,생태자연,11.4.~11.5.예정,토지면 일원,대면,박진철,061-780-2255,,
795,전남,고흥군,제13회 고흥우주항공축제,기타,04.21~04.23,나로우주과학관,대면,류형화,061-830-6021,,
796,전남,고흥군,제21회 녹동바다불꽃축제,기타,05.18~05.21,녹동 구항,대면,유심곤,061-830-5658,,
797,전남,고흥군,제3회 고흥 유자석류 축제,특산물,11.02~11.05,유자석류축제장,혼합형,유심곤,061-830-5658,,
798,전남,보성군,보성다향대축제,특산물,04.29.~05.07.,차문화공원,대면,안주연,061-850-5211,,
799,전남,보성군,서편제보성소리축제,문화예술,04.29.~05.01.,문화예술회관,대면,정태준,061-850-5202,,
800,전남,보성군,율포해변 불꽃축제,기타(주민화합 등),5월중,율포해변,대면,안주연,061-850-5211,,
801,전남,보성군,보성전어축제,특산물,8월중,율포해변,대면,안주연,061-850-5211,,
802,전남,보성군,벌교꼬막&문학축제,특산물,11월중,벌교읍 거리,대면,안주연,061-850-5211,,
803,전남,보성군,보성차밭빛축제,기타(주민화합 등),12월중,차문화공원,대면,안주연,061-850-5211,,
804,전남,화순군,봄꽃과 함께하는 화순 고인돌 축제,전통역사,04.21.~04.30.,고인돌유적지,대면,곽지수,061-379-3575,,
805,전남,화순군,화순 캠핑뮤직페스티벌,문화예술,7월중,고인돌유적지,대면,곽지수,061-379-3575,,
806,전남,화순군,화순 고인돌과 함께하는 국화향연,생태자연,10~11월중,고인돌유적지,대면,곽지수,061-379-3575,,
807,전남,화순군,화순 고인돌 별빛 소나타,문화예술,12월중,고인돌유적지,대면,곽지수,061-379-3575,,
808,전남,화순군,동구리호수공원 봄축제,생태자연,4월중,동구리 호수공원,대면,김정섭,061-379-3576,,
809,전남,화순군,백아산 철쭉제,생태자연,5월중,백아산 ,대면,김정섭,061-379-3576,,
810,전남,화순군,운주문화축제,문화예술,5월중,운주사,대면,김정섭,061-379-3576,,
811,전남,화순군,적벽문화축제,생태자연,4~5월중,"이서커뮤니티센터, 적벽 망향정",대면,김정섭,061-379-3576,,
812,전남,장흥군,2023 정남진장흥키조개축제,특산물,5월초,수문항 일원,대면,진상우,061-860-5992,,
813,전남,장흥군,제16회 정남진장흥물축제,생태자연,7.29.~8.6.,탐진강볍,대면,전희석,061-860-5770,,
814,전남,장흥군,2023 회령포 문화축제,"
 전통역사
",10월중,회진항 일원,대면,조예나,061-860-5764,,
815,전남,장흥군,제12회 장평명품호두축제,특산물,10월중,장평면 체육광장 일원,대면,허동,061-860-6073,,
816,전남,장흥군,2023 장흥표고버섯축제,특산물,10월중,유치면 다목적복지관 광장,대면,허동,061-860-6073,,
817,전남,강진군,제51회 강진청자축제,전통역사,02.23.~03.01.,대구면 청자촌,대면,양혜은,061-430-3352,,
818,전남,강진군,강진 성전월출산 봄소풍가는날,생태자연,03.26.~03.28.,성전면 경포대 일원,대면,이재은,061-430-3357,,
819,전남,강진군,제6회 강진금곡사 벚꽃삼십리길축제,생태자연,03.31.~04.02.,군동면 까치내로 일원,대면,이재은,061-430-3357,,
820,전남,강진군,제26회 전라병영성축제,전통역사,04.19.~04.24.,병영성 일원,대면,천영욱,061-430-3354,,
821,전남,강진군,제13회 마량미항찰전어축제,특산물,09.28.~09.30.,마량항 일원,대면,이재은,061-430-3357,,
822,전남,강진군,제8회 강진만춤추는갈대축제,생태자연,10.07.~11.05.,생태공원 일원,대면,천영욱,061-430-3354,,
823,전남,해남군,땅끝매화축제,생태자연,3월중,산이 보해매실농원,대면,김시영,061-530-5157,,
824,전남,해남군,달마고도 힐링축제,생태자연,3월 중,달마고도,대면,김시영,061-530-5157,,
825,전남,해남군,땅끝해남 어린이 공룡대축제,생태자연,5. 5. ~ 5. 7.,해남 공룡박물관,대면,하정학,061-530-5158,,
826,전남,해남군,송호해변 여름축제,생태자연,7월~8월중,송호해수욕장,대면,하정학,061-530-5158,,
827,전남,해남군,오시아노 뮤직페스티벌,문화예술,8월중,오시아노 관광단지,대면,하정학,061-530-5158,,
828,전남,해남군,해남미남축제,특산물,10월말~11월초,대흥사 일원,대면,하정학,061-530-5158,,
829,전남,해남군,땅끝해넘이해맞이축제,생태자연,12.31.~'23.1.1.,땅끝 관광지,대면,하정학,061-530-5158,,
830,전남,영암군,영암왕인문화축제,문화예술,04.06.~04.09.,왕인박사유적지 일원,대면,김태혁,061-470-2259,,
831,전남,영암군,월출산국화축제,생태자연,10월~11월,월출산기찬랜드,대면,김태혁,061-470-2260,,
832,전남,영암군,마한축제,전통역사,10월중,마한문화공원,대면,김태혁,061-470-2261,,
833,전남,영암군,영암무화과축제,특산물,9월중,미정,미정,홍혜미,061-470-2384,,
834,전남,무안군,2023 무안겨울숭어축제,특산물,2023.1.14.~1.15.,양간다리 수산시장 일원,대면,김지윤,061-450-5472,,
835,전남,무안군,제9회 황토갯벌축제,생태자연,2023.6.9.~6.11.,무안황토갯벌랜드 일원,대면,이수정,061-450-5474,,
836,전남,무안군,제26회 무안연꽃축제,생태자연,2023.7.20.~7.23.,회산백련지 일원,대면,이수정,061-450-5474,,
837,전남,무안군,제3회 무안YD 페스티벌,문화예술,2023.10.6.~10.8.,남악중앙공원 일원,대면,김지윤,061-450-5472,,
838,전남,함평군,제25회 함평나비대축제,생태자연,4. 27. ~ 5. 7.,함평엑스포공원,혼합형,김덕수,061-320-2202,,
839,전남,함평군,2023 대한민국 국향대전,생태자연,10. 20. ~ 11. 5.,함평엑스포공원,혼합형,김덕수,061-320-2202,,
840,전남,함평군,2023 꽃무릇 큰잔치,생태자연,9월중,해보면 용천사 일원,대면,김덕수,061-320-2202,,
841,전남,함평군,2023 대한민국 난명품대제전,특산물,3. 25. ~ 3. 26.,함평문화체육센터,대면,고연주,061-320-3531,,
842,전남,영광군,제9회 영광찰보리문화축제,생태자연,5.5.~5.6.,지내들 옹기돌탑공원,혼합형,전다혜,061-350-5951,,
843,전남,영광군,2023 영광법성포단오제,문화예술,6.22.~6.25.,법성포단오제 전수교육관,혼합형,정윤혁,061-350-5752,,
844,전남,영광군,제23회 영광불갑산상사화축제,생태자연,9.16.~9.25.,불갑사 관광지,혼합형,정윤혁,061-350-5752,,
845,전남,장성군,제22회 황룡강 (洪)길동무 꽃길 축제,생태자연,05.19~05.21.,"황룡강변 일원, 홍길동테마파크",대면,조중훈,061-390-7240,,
846,전남,장성군,제1회 어울림 음악회,기타,7월 중,상무평화공원,대면,조중훈,061-390-7240,,
847,전남,장성군,제14회 축령산 편백산소축제,생태자연,7~10월 중,축령산,대면,조중훈,061-390-7240,,
848,전남,장성군,제8회 황룡강 가을꽃축제,생태자연,10.07.~10.15.,황룡강변 일원,대면,조중훈,061-390-7240,,
849,전남,장성군,제24회 백양단풍축제,생태자연,"4월, 11월 중","국립공원 백암산, 백양사",대면,조중훈,061-390-7240,,
850,전남,완도군,2023 청산도슬로걷기축제,생태자연,4. 8. ~ 5. 7.,청산면 일원,대면,허인철,061-550-5432,,
851,전남,완도군,2023 완도장보고수산물축제,전통역사,5. 4. ~ 5. 7. ,완도 해변공원 등,대면,정예지,061-550-5431,,
852,전남,완도군,2023 청정완도 가을섬여행,문화예술,10월중,완도일원,대면,정예지,061-550-5431,,
853,전남,진도군,제43회 진도신비의바닷길축제,생태자연,4.20.~4.22.,"고군면 
회동리 
일원",대면,이기복,"관광과
540-3407",,
854,전남,진도군,제9회 진도개페스티벌,특산물,5.5.~5.7.,"진도개
테마
파크",대면,김소영,"진도개축산과
540-6308",,
855,전남,진도군,진도문화예술제,문화예술,"10월~11월중
(16일간)",진도군일원,대면,곽영신,"문화예술체육과
540-3072",,
856,전남,신안군,2023년 섬 튤립축제,생태자연,4월중 (10일),대광튤립정원,혼합형,이현윤,061-240-4041,,
857,전남,신안군,2023년 섬 겨울꽃 축제,생태자연,12.1. ~ 24.1.,1004섬분재정원,혼합형,문치성,061-240-8778,,
858,전남,신안군,2023 섬 수국 축제,생태자연,6월중,도초 수국정원,혼합형,전혜정,061-240-5418,,
859,경북,포항시,호미곶한민족해맞이축전,"생태자연, 문화예술",2023.12.31.~2024.1.1.,호미곶해맞이광장,대면,박수정,054-270-2243,,
860,경북,포항시,포항국제불빛축제,"문화예술, 주민화합",2023. 5.,형산강체육공원,혼합형,박수정,054-270-2243,,
861,경북,포항시,포항해병대문화축제,"문화예술, 주민화합",2023. 4.,오천읍 일원,대면,양영진,054-270-2246,,
862,경북,포항시,포항운하축제,"문화예술, 주민화합",2023. 9.,포항운하 일원,대면,양영진,054-270-2246,,
863,경북,포항시,포항철길숲야행축제,"문화예술, 주민화합",2023. 8.,포항철길숲 일원,대면,박수정,054-270-2243,,
864,경북,포항시,포항 구룡포 대게 축제,수산물 축제,2023. 3.,구룡포아라광장,대면,김건희,054-270-2854,,
865,경북,포항시,포항 호미곶 돌문어 축제,수산물 축제,2023. 4.,호미곶새천년광장,대면,김건희,054-270-2854,,
866,경북,포항시,포항 영일만 검은돌장어 축제,수산물 축제,2023. 7.,동해면 도구해수욕장,대면,김건희,054-270-2854,,
867,경북,포항시,포항 수산물 FESTIVAL,수산물 축제,2023. 9.,포항수협 활어위판장,대면,김건희,054-270-2854,,
868,경북,포항시,포항 구룡포 과메기 축제,수산물 축제,2023. 11.,구룡포아라광장,대면,김건희,054-270-2854,,
869,경북,포항시,포항 구룡포 과메기&겨울바다 축제,수산물 축제,2023.12.31.~2024.1.1.,영일대특설행사장,대면,김건희,054-270-2854,,
870,경북,포항시,부조장터문화축제,"전통역사, 주민화합",2023. 10.,신부조장터공원,대면,이현수,054-270-2264,,
871,경북,포항시,장기산딸기문화축제,특산물 축제,2023. 5.,장기초등학교,대면,홍정민,054-270-6665,,
872,경북,포항시,"흥해 황금들녁 
허수아비 문화축제","문화예술, 주민화합",10월중,"흥해
곡강천",대면,김미림,054-270-2663,,
873,경북,포항시,제2회 흥해9경문화축제,문화예술,9월중,칠포해수욕장,혼합형,고형진,054-270-7207,,
874,경북,경주시,경주벚꽃축제,관광,3~4월중,대릉원돌담길 일원,혼합형,이시안,054-779-6078,,
875,경북,김천시,김천자두축제,농특산물,6월중(5일),홈페이지,혼합형,강동엽,054-421-2533,,
876,경북,김천시,김천포도축제,농특산물,10월중(3일),종합스포츠타운,혼합형,최은옥,054-421-2532,,
877,경북,김천시,제 12회 농촌체험페스티벌,문화예술,10월중(미정),김천시농업기술센터 내,대면,임소희,054-421-2561,,
878,경북,김천시,김천시민주간(김천시민의 날 행사),기타(시민화합),10.02.~10.15.,미정,대면,최문주,054-420-6097,,
879,경북,안동시,안동 암산 얼음축제,생태자연,1.28.~2.5.,남후면 광음리 암산유원지 일원,대면,권희구,054-840-5511,,
880,경북,안동시,안동 민속축제,전통역사,5.4.~5.8.,"웅부공원,문화공원,원도심 일원",대면,장윤정,054-840-5235,,
881,경북,안동시,안동 벚꽃축제,생태자연,4월 초,낙동강변 벚꽃길,대면,김종연,054-840-5514,,
882,경북,안동시,안동 썸머페스티벌,주민화합,7월~8월 중,낙동강 둔치 등 안동시 일원(예정),대면,권희구,054-840-5511,,
883,경북,안동시,2023 문화재 야행(월영야행),전통역사,7.28.~8..6.,월영교 일원,대면,전은경,054-840-5238,,
884,경북,안동시,안동국제탈춤페스티벌,문화예술,9월~10월 중,탈춤공원 등 안동시 일원(예정),대면,김종연,054-840-5514,,
885,경북,안동시,안동눈빛축제,주민화합,12월 중,탈춤공원 등 안동시 일원(예정),대면,권희구,054-840-5511,,
886,경북,구미시,"2023 청춘, 금오천 2.4km",문화예술,4월중,금오천일원,대면,장세화,054-480-6612,,
887,경북,구미시,구미라면축제,"문화예술
기타(주민화합)",10월중,미정,대면,이선영,054-480-2652,,
888,경북,구미시,2023 제2회 구미푸드 페스티벌,기타(주민화합),10.27.~10.28.,시청 정문앞 복개천,대면,이동섭,480-5592,,
889,경북,영주시,한국선비문화축제,문화예술,05.05~05.07.,구도심 및 순흥면 일원,대면,김상희,054-639-6613,,
890,경북,영주시,소백산철쭉제,생태자연,05.27~05.28.,소백산,대면,김상희,054-639-6613,,
891,경북,영주시,무섬외나무다리축제,전통역사,10.07.~10.08.,문수면 무섬마을,대면,김상희,054-639-6613,,
892,경북,영주시,영주풍기인삼축제,특산물,10월 중,풍기읍,대면,김상희,054-639-6613,,
893,경북,영주시,영주사과축제,특산물,10월 중,부석사일원,대면,김상희,054-639-6613,,
894,경북,영주시,여름축제(가제),주민화합,7~8월 중,영주시 시내,대면,김상희,054-639-6613,,
895,경북,영천시,제20회 영천보현사별빛축제,천문과학,10월 중[3일간],보현산천문과학관 일원,대면+온라인,김승희,054-330-6702,,
896,경북,영천시,제22회 영천과일축제,특산물,9월중 예정,미정,대면,김은목,054-339-7188,,
897,경북,영천시,제21회 영천한약축제,특산물,9월~10월 중(미정),영천한의마을,대면,박장우,054-339-7282,,
898,경북,영천시,제11회 영천와인페스타,특산물,9월~10월 중(미정),영천강변공원(미정),대면,장서희,054-339-7398,,
899,경북,영천시,제49회 영천문화예술제,문화예술,10월 중[3일간],영천강변공원,대면,이희진,054-330-6365,,
900,경북,상주시,2023 상주 소울푸드 페스티벌,문화관광,10월 중,상주 경상감영공원,대면,김정도,054-537-7108,,
901,경북,상주시,2023 상주곶감축제,특산물,12월 중,상주시민운동장,대면,김상득,054-537-7529,,
902,경북,상주시,상주 전국한우축제,특산물,10월 중,미정,대면,김우경,054-537-7462,,
903,경북,상주시,제4회 상주 청보리 축제,"문화예술, 생태자연",5.4.~5.5.,청리면 청상리 일원,대면,장예은,054-537-8144,,
904,경북,문경시,문경찻사발축제,문화예술,4.29~5.8.,문경새재도립공원 일원,대면,구희대,054-550-6395,,
905,경북,문경시,문경사과축제,특산물,10월 중,문경새재도립공원 일원,대면,백승규,054-550-6887,,
906,경북,문경시,문경오미자축제,특산물,9월 중,동로면 일원,대면,정혜민,054-550-6889,,
907,경북,문경시,문경약돌한우축제,특산물,10월 중,문경새재도립공원 일원,대면,이동호,054-550-6812,,
908,경북,경산시,경산자인단오제,"문화예술,전통역사",6.22.~6.24.,경산자인의 계정숲,대면,장정현,053-810-5357,,
909,경북,경산시,경산갓바위소원성취축제,"문화예술,전통역사",9~10월중(2일간),갓바위 공영주차장,대면,장정현,053-810-5357,,
910,경북,경산시,제12회 경산대추축제(가칭),특산물,10.14.~10.15.(미정),경산생활체육공원 어귀마당(미정),대면,최찬술,053-810-6707,,
911,경북,경산시,제2회 한여름밤 문화행사,문화예술,8.12.~10.4.,"삼성현
역사
문화
공원",대면,이상정,053-804-7319,,
912,경북,군위군,군위장군단오제,문화예술,6.3,효령면 일원,미정,조현영,054-380-6866,,
913,경북,군위군,러브하트 페스티벌,주민화합,4~5월,효령면 일원,미정,윤나현,054-380-6916,,
914,경북,의성군,제6회 의성슈퍼푸드마늘축제,특산물,10월 중 3일 (변경 가능),의성읍,대면,김형진,054-830-6578,,
915,경북,의성군,제1회 남대천 벚꽃축제,생태자연,4월 중 3일,의성읍 남대천 일원,대면,김형진,054-830-6578,,
916,경북,의성군,산수유마을꽃맞이행사,생태자연,3월 중 9일,사곡면 산수유마을 일원,대면,김형진,054-830-6578,,
917,경북,청송군,제17회 청송사과축제,특산물,11.01.~11.05.,청송군 청송읍 용전천 현비암 일원,대면+온라인,최단비,054-870-6237,,
918,경북,영양군,제18회 영양산나물축제,특산물,05.11.~05.14.,영양군청 및 영양전통시장,대면,심명희,054-680-6411,,
919,경북,영양군,영양고추 H.O.T Festival,특산물,09.10.~09.12.,서울시청 앞 광장,대면,김지훈,054-680-6381,,
920,경북,영양군,캠핑과 함께하는 별빛 반딧불이 체럼,생태자연,08.25.~08.26.,영양군 수비면 반딧불이로 129 일원,대면,김경호,054-680-5333,,
921,경북,영양군,수비면 능이축제,특산물,10.07.~10.08.,영양군 수비면 체육공원 등 면소재지 일원,대면,문희란,054-680-5815,,
922,경북,영덕군,제26회 영덕대게축제,특산물,02.24.~02.26.,해파랑공원,대면,박대경,054-730-6393,,
923,경북,영덕군,2023 축산 스트릿 씨푸드파티,특산물,02.24.~02.26.,축산면 경정항(경정1리),대면,김현수,054-730-6756,,
924,경북,영덕군,영덕황금은어축제,특산물,07.29.~08.01.(예정),영덕 오십천 둔치 일원,대면,김현수,054-730-6756,,
925,경북,영덕군,경북대종타종식 및 해맞이행사,문화예술,12.31.~01.01.,강구 삼사해상공원,대면,박대경,054-730-6393,,
926,경북,청도군,청도소싸움축제,전통역사,4.14.~4.16.,청도소싸움경기장,대면,구태헌,054-370-6376,,
927,경북,청도군,청도반시축제,특산물,10월,청도야외공연장 일원,대면,구태헌,054-370-6376,,
928,경북,청도군,청도세계코미디아트페스티벌,문화예술,10월,청도야외공연장 일원,대면,구태헌,054-370-6376,,
929,경북,고령군,2023 고령 대가야축제,전통역사,03.31~04.01,대가야역사테마관광지 일원,혼합형,박대호,054-950-6652,,
930,경북,성주군,2023성주생명문화&참외축제,문화예술,23.5.18.~21,성밖숲 일원,대면,이은성,054-930-6982,,
931,경북,성주군,2023성주가야산황금들녘메뚜기축제,생태자원,23.10월중,수륜면 수성리 일원,대면,이은성,054-930-6982,,
932,경북,칠곡군,제10회 낙동강세계평화 문화 대축전,문화예술,10월 중 3일간,칠곡보생태공원 및 왜관읍1번도로,대면,김동하,054-979-6100,,
933,경북,예천군,2023 예천세계활축제,문화예술,10.7.~10.9.(예정),한천체육공원 및 예천읍시가지 일원,대면,박희종,054-650-6391,,
934,경북,예천군,2023 삼강주막 나루터축제,생태자연,9월중(추석예정),삼각주막 및 삼강문화단지 일원,대면,허승철,054-650-6912,,
935,경북,예천군,용궁순대축제,특산물,9월중,용궁면 전통시장 일원,대면,권태준,054-650-6276,,
936,경북,예천군,예천장터 농산물대축제,특산물,11월중,한천체육공원 일원,대면,임소희,054-650-6271,,
937,경북,봉화군,제25회 봉화은어축제,특산물,7월~8월중,봉화읍 내성천,대면,장지성,054-679-6343,,
938,경북,봉화군,제27회 봉화송이축제,특산물,9월~10월중,봉화읍 내성천,대면,장지성,054-679-6343,,
939,경북,봉화군,분천 한여름·겨울 산타마을,기타(관광자원),12월~2월중,소천면 분천리,대면,장지성,054-679-6343,,
940,경북,울진군,울진대게와 붉은대게 축제,특산물,2.23~2.26,후포항,대면,손용락,,,
941,경북,울진군,죽변항 수산물 축제,특산물,12월중,죽변항,대면,손용락,,,
942,경북,울릉군,제21회 울릉도 오징어 축제,특산물,8월 중,울릉군 일원,대면,김혜경,054-790-6426,,
943,경북,울릉군,2023년 울릉도 눈축제,생태자연,02.03.~02.05.,나리분지,대면,정지환,054-790-6375,,
944,경남,창원시,기업사랑 시민축제,기타(주민화합 등),5월 중,"창원시
일원",혼합형,김민애,055-225-3163,,
945,경남,창원시,마산어시장 축제,특산물,9~10월 중,"마산
어시장
일원",대면,이은숙,055-225-4716,,
946,경남,창원시,이주민 문화다양성 축제(MAMF),기타(주민화합 등),10.20~10.22,"용지공원, 성산아트홀",대면,이경진,055-225-3293,,
947,경남,창원시,전통시장 맥주축제,기타(주민화합 등),10월 중,전통시장 인근 광장,대면,이은숙,055-225-4716,,
948,경남,창원시,진해중앙시장 축제,기타(주민화합 등),10월 중,진해중앙시장일원,대면,이은숙,055-225-4716,,
949,경남,창원시,눈 내리는 창동 거리 축제,기타(주민화합 등),10~12월 중,창동거리 일원,대면,김성헌,055-225-3226,,
950,경남,창원시,충무지구 근대군항 문화페스타,전통역사,10월 중,충무지구 중원로 일원,대면,손원기,055-225-3715,,
951,경남,창원시,천주산 진달래축제,생태자연,3~4월 중,천주산,대면,조미성,055-225-3658,,
952,경남,창원시,진동불꽃낙화축제,기타(주민화합 등),4.14~4.16,진동 광암항 일원,대면,박은정,055-225-3654,,
953,경남,창원시,"진해군항제
(군악의장페스티벌, 승전행차 포함)",생태자연,3.25~4.3,진해구 일원,대면,이동근,055-225-2343,,
954,경남,창원시,마산국화축제,생태자연,10~11월 중,마산해양신도시,대면,이동근,055-225-2343,,
955,경남,창원시,마금산온천축제,특산물,10월 중,마금산온천관광지,대면,설두호,055-225-3644,,
956,경남,창원시,창원진동미더덕축제,특산물,4월 중,진동면 광암항 일원,대면,김도성,055-225-3433,,
957,경남,창원시,진해만싱싱수산물축제,특산물,9~10월 중,진해수협 일원,대면,김도성,055-225-3433,,
958,경남,창원시,창원홍하비축제,특산물,11월 중,3.15해양누리공원,대면,박혜민,055-225-3434,,
959,경남,창원시,창원단감축제,특산물,10월 중,창원단감테마공원,대면,안성규,055-225-5612,,
960,경남,창원시,동읍 무점마을 코스모스축제,생태자연,9~10월 중,무점마을 코스모스길 일원,대면,강현우,055-212-5113,,
961,경남,창원시,소계동 산 벚꽃 축제,생태자연,3~4월 중,소계운동장 일원,대면,류방현,055-212-5414,,
962,경남,창원시,제9회 산호공원 꽃무릇축제,생태자연,9월 중,산호공원 일원,대면,배민영,055-220-5904,,
963,경남,진주시,제22회 진주논개제,전통역사,5월 중,"진주성
일원",대면,김수남,055-749-8589,,
964,경남,진주시,2023 진주남강유등축제,전통역사,10월 중,"진주성,
남강 일원",대면,홍순천,055-749-8588,,
965,경남,진주시,제72회 개천예술제,전통역사,10월 중,"진주성,
남강 일원",대면,김수남,055-749-8589,,
966,경남,진주시,2023 코리아드라마페스티벌,문화예술,10월 중,"장대동
남강둔치
일원",대면,이수민,055-749-8590,,
967,경남,진주시,진주 M2(뮤직&미디어)페스티벌,문화예술,8월 초,"망경동
남강둔치
일원",대면,이수민,055-749-8590,,
968,경남,통영시,제62회 통영한산대첩축제,문화예술,8월 중,통영시 일원,대면,황경민,055-650-4532,,
969,경남,통영시,제7회 광도빛길 수국축제,생태자연,6월 중,광도천 수국길,대면,이정선,055-650-3563,,
970,경남,통영시,제18회 봉숫골 꽃나들이 축제,문화예술,4월 중,봉평동(봉숫골 아름다운 거리 및 용화사 광장 일원),대면,정병훈,055-650-3843,,
971,경남,사천시 ,"전통사찰과 함께하는 차 
문화체험 행사","문화예술
전통역사
기타(주민화합 등)",05.04.~06.03.,다솔사,대면,강귀슬,055-831-5203,,
972,경남,사천시 ,제15회 밝은땅 다솔축제 ,문화예술,5월 중,"곤명생태학습
체험장",대면,강귀슬,055-831-5203,,
973,경남,사천시,제25회 사천와룡문화제,문화예술,04.28.~04.30.,사천시청 광장일원,대면,김예은,055-835-6416,,
974,경남,사천시,제1회 사천읍성 꽃무릇축제 (가칭),문화예술,9~10월 중,사천읍성,대면,임민정,055-831-5010,,
975,경남,사천시,제6회 곤양비봉내축제,"전통역사
기타(주민화합)",10월 중,곤양생활체육시설 일원,대면,김미현,055-831-5174,,
976,경남,사천시,제15회 사천시농업한마당축제,특산물,10.27.~10.29.,사천시청 노을광장,대면,문상필,055-831-3764,,
977,경남,사천시,제8회 사천시 비토별주부전축제,"문화예술
기타(주민화합 등)",4월 중,"비토해양
낚시공원앞 주차장",대면,류정곤,055-831-5234,,
978,경남,사천시,제4회 선진리성벚꽃축제,문화예술,03.25~04.02.,선진리성 일원,대면,한해주,055-831-5112,,
979,경남,사천시,"2023 사천우주항공축제
(가칭)
<문화체육과 주관 
대한민국 NASA 사천 
페스티벌 연계 추진>",기타(주민화합 등),10월 중,미정,대면,하준기,,,
980,경남,사천시,제13회 사천시 주민복지 박람회,기타(주민화합 등),6.9.~6.10.,삼천포체육관,대면,유니나,055-831-2615,,
981,경남,사천시,2023 사천시 삼천포항 수산물축제,특산물,4.21.~4.23.,삼천포대교공원,대면,유성수,055-831-3111,,
982,경남,사천시,제20회 사천시 삼천포항 자연산 전어축제,특산물,7.27.~7.30.,팔포음식특화지구,대면,유성수,055-831-3111,,
983,경남,김해시,허왕후신행길 축제,문화예술,10월 중,수로왕릉,대면,이정희,055-330-3243,,
984,경남,김해시,제28회 김해분청도자기축제,문화예술,10월 중,김해분청도자박물관일원,대면,윤근혜,055-330-3244,,
985,경남,김해시,(가칭)제1회 봄의 하얀 눈꽃 축제,기타(주민화합 등),3월 중,북부동,대면,강다혜,055-359-1674,,
986,경남,김해시,불암장어문화축제,특산물,6. 24.~6. 25.,불암동,대면,임해리,055-359-7543,,
987,경남,김해시,세계크리스마스문화축제,기타(주민화합 등),12. 1.~12. 31.,분성광장 등,대면,이지윤,055-330-4943,,
988,경남,김해시,2023년 가야문화축제,문화예술,5. 5. ~ 5. 7.,"수릉원, 가야의 거리 일원 등",대면,강문정,055-330-3944,,
989,경남,김해시,제8회 김해꽃축제,특산물,5월 중,대동생태체육공원,혼합형,조진철,055-350-4082,,
990,경남,김해시,제39회 김해진영단감축제,특산물,10. 27. - 10. 29.,진영공설운동장 일원,대면,신연철,055-350-4092,,
991,경남,김해시,제3회 김해국제의생명과학축제,기타(주민화합 등),6. 16. ~ 6. 17.,"김해중소기업
비즈니스센터",혼합형,이은영,055-330-2913,,
992,경남,김해시,김해시평생학습과학축제,기타(주민화합 등),10. 21. ~ 10. 22.,수릉원,대면,정유정,055-330-4883,,
993,경남,"
김해시","
제5회 김해독서대전","
문화예술",10월 중,"수릉원 및 
시립도서관 등 
관내 일원",대면,김지현,055-330-6685,,
994,경남,김해시,제26회 김해전국민속소싸움대회,전통역사,미정,미정,미정,손정석,055-350-4122,,
995,경남,김해시,김해 한우축제,특산물,5월 중,대동면,대면,장호승,055-350-4142,,
996,경남,밀양시,제65회 밀양아리랑대축제,전통역사,5.18.~5.21.,영남루 및 밀양강변일원,대면,심강일,055-359-5866,,
997,경남,밀양시,2023 가을 밀양강 오딧세이,문화예술,10월 중,영남루 및 밀양강변일원,대면,심강일,055-359-5866,,
998,경남,밀양시,밀양공연예술축제,문화예술,7.29.~8.5.,밀양아리나 일원,대면,조현순,055-359-5635,,
999,경남,밀양시,제14회 밀양대추축제,특산물,10월 중,밀양시 단장면,대면,류진술,055-359-5351,,
1000,경남,밀양시,밀양무안맛나향고추 소비지행사,특산물,12.8.~12.10.,대도시 대형마트(예정),대면,최순영,055-359-7137,,
1001,경남,밀양시,제25회 밀양얼음골사과축제,특산물,11.04.~11.05.,밀양얼음골공영주차장,대면,차성조,055-359-7141,,
1002,경남,밀양시,"초동연가길 축제(꽃양귀비, 코스모스)", 생태자연,"양귀비 5.19.~5.21.
코스모스 10.7.~10.9.",밀양시 초동면 연가길,대면,손성곤외2,055-359-6741외,,
1003,경남,거제시,거제맹종대나무축제,특산물,3~4월 중,하청면 와항마을 맹종죽테마파크,대면,한승수,055-639-6356,,
1004,경남,거제시,제61회 거제옥포대첩축제,"문화예술
전통역사",6.16.~6.18.,옥포대첩기념공원 일원,대면,정은주,055-639-3393,,
1005,경남,거제시,제4회 남부면 수국축제,생태자연,7월 중,남부면 저구항,대면,박혜진,055-639-6534,,
1006,경남,거제시,2023 거제 바다로세계로,기타(주민화합 등),7.28~7.30,"구조라
해수욕장 외 2곳",대면,강효정,055-639-4163,,
1007,경남,거제시,제12회 거제둔덕포도축제,특산물,9.15.~9.17.,둔덕면일원,혼합형,,055-639-6442,,
1008,경남,거제시,제11회 청사초롱 가을추억 만들기 축제,생태자연,10.22.,삼거동 일원,대면,황선영,055-639-6344,,
1009,경남,거제시,제17회 거제섬꽃축제,문화예술,10.28.~11.5.,거제시농업개발원,대면,양희은,055-639-6443,,
1010,경남,거제시,제16회 거제대구수산물축제,특산물,12월 중,외포항,대면,김선규,055-639-4273,,
1011,경남,양산시,제15회 원동고로쇠축제,특산물,02.15.~3.15.,배내골홍보관 일원,대면,김윤지,055-392-5502,,
1012,경남,양산시,제6회 원동미나리축제,특산물,02.21.~.4.30.,원동면,대면,김윤지,055-392-5502,,
1013,경남,양산시,제17회 원동매화축제,특산물,3.18.~3.19.,원동마을 일원,대면,김윤지,055-392-5502,,
1014,경남,양산시,제14회 배내골사과축제,특산물,11.4.~11.5.,배내골홍보관 일원,대면,김윤지,055-392-5502,,
1015,경남,양산시,제5회 양산차문화축제,특산물,10월 중,통도문화예술의거리,대면,김윤지,055-392-5502,,
1016,경남,양산시,2023 양산삽량문화축전,"문화예술
전통역사
기타(주민화합 등)",10월 중,양산천둔치 일원 및 양산종합운동장,대면,한한윤,055-392-2544,,
1017,경남,양산시,2023 웅상회야제,기타(주민화합 등),5월 중,평산동(예정),대면,석영미,055-392-6182,,
1018,경남,양산시,2023 양산봄꽃축제,생태자연,4월 중,신기동 양산천 둔치,대면,황효기,055-392-5341,,
1019,경남,양산시,2023 양산국화향연,생태자연,10. 28 ~11.12.,황산공원 중부광장,대면,김상욱,055-392-5343,,
1020,경남,의령군,제48회 의령 홍의장군축제,전통역사,04.20~04.23,의령읍 서동생활공원일원,대면,정기혁,055-570-2502,,
1021,경남,의령군,한우산 철쭉제,생태자연,5월 중,궁류면 벽계리 한우산일원,대면,차지민,055-570-2513,,
1022,경남,의령군,2023 의령 신번문화축제,"문화예술
전통역사",9월 중,부림면 일원,대면,한은지,055-570-2504,,
1023,경남,의령군,2023 의령 리치리치 페스티벌,문화예술,10월 중,의령읍 일원,대면,이재명,055-570-2512,,
1024,경남,의령군,의령 기강 댑싸리축제,생태자연,10월 중,지정면 호국의병의 숲,대면,신동환,055-570-4642,,
1025,경남,함안군,제12회 함안곶감축제,특산물,1. 6. ~ 1. 8.,함안체육관,대면,허율희,055-580-4554,,
1026,경남,함안군,제29회 함안수박 축제,특산물,4.15.~5.10.,가야읍,혼합형,서진욱,055-580-4513,,
1027,경남,함안군,제1회 청보리.작약 축제,생태자연,5.5.~5.7.,강나루생태공원,대면,조은영,055-580-3412,,
1028,경남,함안군,제11회 강주해바라기 축제,생태자연,7.7.~7.16.,강주마을 일원,대면,정지은,055-580-4405,,
1029,경남,함안군,함안문화재야행,전통역사,9.22.~9.24.,무진정일원,대면,윤성민,055-580-2555,,
1030,경남,함안군,"제2회 '함안의 맛' 
아라가야 향토음식
 전국요리 경연대회",특산물,10월 중,"함주공원
(다목적구장)",대면,이균오,055-580-4432,,
1031,경남,함안군,제35회 아라가야문화제,전통역사,10월 중,"함안박물관, 말이산고분군 일원",대면,정진욱,055-580-2303,,
1032,경남,함안군,말이산고분군 미디어아트 페스티벌,전통역사,10월~11월중,말이산고분군 일원,대면,조신규,055-580-2562,,
1033,경남,창녕군,제18회 창녕낙동강유채축제,생태자연,04.13.~04.16.,남지유채단지,대면,신영훈,055-530-1523,,
1034,경남,창녕군,제28회 부곡온천축제,전통역사,03.31.~04.02.,부곡온천관광특구,대면,장민우,055-530-1593,,
1035,경남,창녕군,제62회 3.1민속문화제,전통역사,2.28~3.3.,국가무형문화재 놀이마당,대면,박경민,055-530-1464,,
1036,경남,창녕군,창녕문화재 야행 '가소로운 비사벌',전통역사,5월 중,창녕읍 일원,대면,박경민,055-530-1464,,
1037,경남,창녕군,제37회 우포따오기와 함께하는 비사벌문화제,문화예술,10월 중,창녕읍 일원,대면,박경민,055-530-1464,,
1038,경남,창녕군,제19회 창녕 전국 민속 소힘겨루기대회,전통역사,3월 중,부곡면 소힘겨루기경기장,대면,양정운,055-530-6093,,
1039,경남,창녕군,제24회 창녕 상설 민속 소힘겨루기대회,전통역사,9월 중,부곡면 소힘겨루기경기장,대면,양정운,055-530-6093,,
1040,경남,고성군,"2023 기월 안뜰 경관농업
지구 봄꽃 축제",생태자연,4월 중,"고성읍
기월 안뜰
(읍사무소 뒤편)",대면,김종문,055-670-4265,,
1041,경남,고성군,당항포대첩 축제,전통역사,5월 중,당항포관광지,대면,곽은주,055-670-4502,,
1042,경남,고성군,촌스런 축제,기타(주민화합 등),7~8월 중,영동둔치공원,대면,박남숙,055-670-5304,,
1043,경남,고성군,"2023 기월 안뜰 경관농업
지구 가을꽃 축제",생태자연,9월 중,"고성읍
기월 안뜰
(읍사무소 뒤편)",대면,김종문,055-670-4265,,
1044,경남,고성군,"제7회 고성 가리비
수산물 축제",특산물,9월 중,남포항(예정),대면,김동욱,055-670-2453,,
1045,경남,고성군,제1회 고성갯벌 축제,생태자연,9월 중,남포항(예정),대면,김동욱,055-670-2454,,
1046,경남,고성군,제11회 엄홍길대장과 함께하는 거류산 등산 축제,생태자연,10월 중,엄홍길전시관 및 거류산,대면,장배석,055-670-2664,,
1047,경남,고성군,고성공룡이야기 책 축제,문화예술,미정,고성읍 송학동 고분군,대면,이지은,055-670-2234,,
1048,경남,고성군,소가야 차문화 축제,문화예술,미정,고성읍 송학동 고분군,대면,이지은,055-670-2234,,
1049,경남,고성군,고성 보리수 축제,생태자연,미정,상리면 보리수농장,대면,이지은,055-670-2234,,
1050,경남,고성군,"고성크리스마스
 트리문화 축제",문화예술,미정,고성읍 동외광장,대면,이지은,055-670-2234,,
1051,경남,고성군,고성 독수리 생태 축제,생태자연,미정,고성읍 기월리 일원,대면,최인호,055-670-2233,,
1052,경남,고성군,만화방초 수국축제,생태자연,미정,거류면 만화방초,대면,이지은,055-670-2234,,
1053,경남,고성군,고성 송학 축제,기타(주민화합 등),미정,고성읍 송학동 고분군,대면,이지은,055-670-2234,,
1054,경남,고성군,오두산 숲멍 축제,생태자연,미정,상리면 오두산치유숲,대면,이지은,055-670-2234,,
1055,경남,남해군,마이페스트,문화예술,4월 중,독일마을,대면,윤성찬,055-860-8603,,
1056,경남,남해군,보물섬남해 설천 참굴 축제,특산물,4월 중,"설천면 일원
(노량~감암)",대면,윤정현,055-860-8403,,
1057,경남,남해군,제5회 창선고사리삼합축제,특산물,5월 중,창선생활체육공원 일원,대면,장현규,055-860-8452,,
1058,경남,남해군,제18회 남해 마늘한우 축제,특산물,6월 중,남해유배문학관,대면,윤정인,055-860-3908,,
1059,경남,남해군,보물섬갈화 왕새우축제,특산물,8~9월 중,갈화황,대면,최종기,055-860-8352,,
1060,경남,남해군,독일마을맥주축제,문화예술,10월 중,"독일마을
* 2023 본예산 미편성
* 2022년 기준 예산 추정",대면,윤성찬,055-860-8603,,
1061,경남,남해군,"제29회
군민의 날 및 화전 문화제",문화예술,10.26. ~ 10.28.,"남해군 일원
(공설운동장, 실내체육관, 스포츠파크 및 보조경기장)",대면,김종호,055-860-3033,,
1062,경남,남해군,남해바래길 가을소풍 걷기축제,기타(주민화합 등),11월 중,미정,대면,윤문기,055-860-8658,,
1063,경남,하동군,제25회 화개장터 벚꽃축제,전통역사,03.31.~04.02.,화개면 일원,대면,이영규,055-880-2493,,
1064,경남,하동군,제26회 하동야생차문화축제,특산물,05.04~06.03.,화개면 일원,대면,박영은,055-880-2734,,
1065,경남,하동군,제10회 하동 술상 맛 전어축제,특산물,08.03.~08.05.,술상항 일원,대면,신휘광,055-880-2453,,
1066,경남,하동군,제7회 하동섬진강문화재첩축제,특산물,8월 중,"하동송림 및 
섬진강변 일원",대면,윤선영,055-880-2450,,
1067,경남,하동군,제9회 하동북천 꽃 양귀비 축제,생태자연,05.12.~05.21.,북천면 일원,대면,손병현,055-880-2414,,
1068,경남,하동군,제17회 하동북천 코스모스 메밀꽃 축제,생태자연,09.15.~10.03.,북천면 일원,대면,손병현,055-880-2414,,
1069,경남,산청군,제23회 산청한방약초축제,특산물,10.6.~10.10.,축제광장(산청IC입구),대면,이은진,055-970-6601,,
1070,경남,산청군,제47회 남명선비문화축제,문화예술,10.20.~10.21.,시천면 한국선비문화연구원,대면,심연미,055-970-6401,,
1071,경남,산청군,제38회 산청황매산철쭉제,생태자연,5.1.~5.14.,황매산일원,대면,안은영,055-970-7202,,
1072,경남,산청군,산청 경호강변 여름밤 축제,생태자연,8월 중,산청읍 조산공원,대면,안은영,055-970-7202,,
1073,경남,산청군,생초꽃잔디축제,생태자연,4.15 .~ 5.5.,생초국제조각공원,대면,이지윤,055-970-8154,,
1074,경남,함양군,제62회 천령문화제,"문화예술
전통역사
기타(주민화합 등)",5월 중,"함양상림
공원일원",대면,김양수,055-960-4512,,
1075,경남,함양군,연암문화제,"문화예술 전통역사",8월 중,"안의면 오리숲 일원",대면,김양수,055-960-4512,,
1076,경남,함양군,제18회 함양산삼축제,특산물,9월 중,"함양상림 공원일원",대면,하방건,055-960-6442,,
1077,경남,거창군,제4회 거창韓 거창산양삼축제, 특산물,5.4.~5.7,거창창포원,대면,한창환,055-940-3391,,
1078,경남,거창군,제33회거창국제연극제, 문화예술,7.28~8.11,"수승대관광지, 거창관내일원",대면,이경애,055-940-8455,,
1079,경남,거창군,2023 거창한마당대축제,기타(주민화합 등),9.28.~10.1.,"거창스포츠파크  및 거창읍 일원",대면,최정원,055-940-8458,,
1080,경남,거창군,감악산 꽃&별 여행,생태자연,9월~10월 중,"거창 감악산 인근",대면,고균노,055-940-8227,,
1081,경남,합천군,2023 합천기록문화축제,"문화예술 전통역사",10월 중,대장경테마파크,대면,이민재,055-930-4697,,
1082,경남,합천군,합천바캉스축제,기타(주민화합 등),7월~8월 중,정양레포츠공원 일대,대면,이영경,055-930-4666,,
1083,경남,합천군,제39회 대야문화제,기타(주민화합 등),09.23.~09.25.,합천읍 일대,대면,김숙녀,055-930-3172,,
1084,경남,합천군,제27회 황매산철쭉제,생태자연,4월~5월 중,황매산군립공원 일대,대면,유미정,055-930-4753,,
1085,경남,합천군,제2회 황매산억새축제,생태자연,10월~11월 중 ,황매산군립공원 일대,대면,유미정,055-930-4753,,
1086,제주,-,2023 계묘년 탐라국 입춘굿,전통역사,1.20.~2.4.,"제주 목관아일원",대면,김현주,064-728-2713,,
1087,제주,-,2023 제주들불축제,전통역사,3. 9. ~ 3. 12.,새별오름,대면,김은하,064-728-2753,,
1088,제주,-,2023 제주레저힐링축제,문화예술,9월 말~10월 중,제주시 일원,대면,송선유,064-728-2757,,
1089,제주,-,2023 중문칠선녀축제,기타(주민화합 등),11월 중(2일),"중문천제연폭포 주차장",대면,김대응,064-760-4824,,
1090,제주,-,2023년 애월읍 농수축박람회,기타(주민화합 등),11월 중,애월읍 새별오름,대면,강창훈,064-728-8817,,
1091,제주,-,제10회 삼성혈 문화의 거리 공연 '모흥골 그디글락',문화예술,10월 중,삼성혈 문화의 거리,대면,이단비,064-728-4473,,
1092,제주,-,제12회 가파도 청보리축제,문화예술,4.1.~5.8.,가파도,대면,윤태수,064-760-4085,,
1093,제주,-,제12회 우도 소라축제,특산물,4월 중(예정),우도면 천진항 광장 ,대면,강경표,064-728-4321,,
1094,제주,-,제13회 백난아가요제,문화예술,미정,미정,대면,김철석,064-728-7613,,
1095,제주,-,제13회 산지천 축제,문화예술,9월 중,산지천 일대,대면,이미수,064-728-4655,,
1096,제주,-,제15회 금능원담축제,전통역사,8월 중,금능해수욕장,대면,이용재,064-728-7674,,
1097,제주,-,제15회 추자도 참굴비 대축제,특산물,9월 중(예정),추자항 일원,대면,양웅규,064-710-3297,,
1098,제주,-,제16회 전농로 왕벚꽃축제,생태자연,3. 31~4. 2,삼도1동 전농로일원,대면,김효선,064-728-4531,,
1099,제주,-,제16회 제주해녀축제,문화예술,9.22.~9.24,제주해녀박물관 등 도 일원,대면,김지현,064-710-3982,,
1100,제주,-,제19회 보목자리돔 축제,특산물,5-6월 중(3일),보목포구,대면,강기석,064-760-4502,,
1101,제주,-,제19회 쇠소깍 축제,생태자연,8.12.~8.13.(예정),하효항 일원,대면,허재원,064-760-4623,,
1102,제주,-,제20회 방선문축제,전통역사,5.6.~5.7.,방선문,대면,오진표,064-728-4802,,
1103,제주,-,제21회 도두오래물축제,기타(주민화합 등),8.11.~8.13.,오래물광장,대면,김상국,064-728-4951,,
1104,제주,-,제23회 최남단 방어 축제,특산물,11월 중(예정),모슬포항 일원,대면,양웅규,064-710-3297,,
1105,제주,-,제29회 서귀포칠십리축제,문화예술,10.13.~10.15.(예정),서귀포시 일원,대면,고건혁,064-760-3942,,
1106,제주,-,제40회 서귀포유채꽃축제,생태자연,3.31.~4.2.(예정),가시리 유채꽃광장 일대,대면,고건혁,064-760-3942,,
1107,제주,-,제4회 서귀포 은갈치 축제,특산물,9월 중(예정),서귀포항 일원,대면,양웅규,064-710-3297,,
1108,제주,-,제6회 제주광어 대축제,특산물,10월 중(예정),제주어류양식수협 ,대면,윤정환,064-710-3242,,
1109,제주,-,제7회 FPC 한수위 수산물 대축제,특산물,10월 중(예정),한림항 일원,대면,고범석,064-710-3248,,
1110,제주,-,제7회 서귀포시 송산동 자구리축제,문화예술,7~8월 중(2일),자구리공원,대면,강기석,064-760-4502,,
1111,제주,-,제8회 돈내코계곡 원앙축제,생태자연,6~8월 중,돈내코,대면,김민서,064-760-4653,,
1112,제주,-,제6회 하하페스티벌,문화예술,5월 중(예정),탐라문화광장,대면,양지은,064-728-4427,,
1113,제주,-,제19회 삼양검은모래축제 ,생태자연,7월 중(미정),삼양검은모래해수욕장,대면,김은미,064-728-4713,,
1114,제주,-,제62회 탐라문화제,문화예술,10월 초(미정),탐라문화광장 등,대면,김병성,064-710-3417,,
1115,제주,-,제28회 표선해변 하얀모래축제,생태자연,7월말~8월초,표선해수욕장,대면,송봉현,064-760-4415,,
1116,제주,-,한라산 청정 고사리축제,특산물,4. 22 ~ 4. 23.(예정),서귀포시 남원읍 한남리 산 76-7,대면,김종현,064-760-4182,,
1117,제주,-,제30회 덕수리 전통민속재현행사,전통행장,10월 중(2일),안덕면 덕수리 민속공연장,대면,송태환,,,
1118,제주,-,2023년 장전리 왕벚꽃축제,기타(주민화합 등),3~4월 중,애월읍 장전리,대면,조유라,064-728-8817,,
1119,제주,-, 고마로 馬문화 축제,문화예술,10월 중,"신산공원 및 고마로 일대",대면,김명순,064-728-4442,,
1120,제주,-,성산일출축제,생태자연,2023.12.30.~2024. 1.1.,성산일출봉 일원,대면,허진이,064-710-6974,,
1121,제주,-,제9회 월대천 축제,기타(주민화합 등),7~8월 중,월대천 일원,대면,고유미,064-728-4892,,
1122,제주,-,2023년 하고수동 해수욕장 썸머 페스티벌,문화예술,6~8월 중 (예정),우도면  하고수동 해수욕장,대면,허혜원,064-728-4329,,
1123,제주,-,2023 서귀포베라벨책정원,문화예술,10.9 (예정),삼매봉도서관 일대,대면,오명심,064-760-3703,,
1124,제주,-,이호테우축제,전통역사,7~8월 중,이호테우해수욕장,대면,고동휘,064-728-4922,,
1125,제주,-,제주 성읍마을 전통민속 재연축제,전통역사,10월 중,제주 성읍마을 일원,대면,오상수,064-710-6791,,
1126,제주,-,정의현성 이전 600주년 기념행사,전통역사,10월 중,제주 성읍마을 일원,대면,오상수,064-710-6791,,
1127,제주,-,혼인지 축제,전통역사,10월 중,혼인지 일원,대면,오상수,064-710-6792,,
1128,제주,-,제21회 예래생태체험축제,생태자연,7.29.~7.30.,논짓물 일원,대면,김명숙,064-760-4845,,
1129,제주,-,2023 용담용연문화제,문화예술,미정,마애명공원,대면,양혁준,064-728-4595,,